序号,汉字,拼音,首次学期,年级,册,组词,网络核对,来源
1,天,tian,一上,1,上,天空、天气、白天,缺,本地识字表文件(部编版)
2,地,di,一上,1,上,大地、地方、土地,缺,本地识字表文件(部编版)
3,人,ren,一上,1,上,大人、人们、人人,缺,本地识字表文件(部编版)
4,你,ni,一上,1,上,你好、你们、你我,缺,本地识字表文件(部编版)
5,我,wo,一上,1,上,我们、我国、自我,缺,本地识字表文件(部编版)
6,他,ta,一上,1,上,他们、他人、他家,缺,本地识字表文件(部编版)
7,一,yi,一上,1,上,一个、一天、一家,缺,本地识字表文件(部编版)
8,二,er,一上,1,上,一二、二手、二月,缺,本地识字表文件(部编版)
9,三,san,一上,1,上,三天、三月、三国,缺,本地识字表文件(部编版)
10,四,si,一上,1,上,四大、四面、四海,缺,本地识字表文件(部编版)
11,五,wu,一上,1,上,五一、五色、五行,缺,本地识字表文件(部编版)
12,上,shang,一上,1,上,上学、上山、地上,缺,本地识字表文件(部编版)
13,下,xia,一上,1,上,下雨、下山、一下,缺,本地识字表文件(部编版)
14,口,kou,一上,1,上,大口、口水、人口,缺,本地识字表文件(部编版)
15,耳,er,一上,1,上,耳朵、耳机、耳语,缺,本地识字表文件(部编版)
16,目,mu,一上,1,上,节目、目光、心目,缺,本地识字表文件(部编版)
17,手,shou,一上,1,上,手心、动手、手机,缺,本地识字表文件(部编版)
18,足,zu,一上,1,上,足球、满足、手足,缺,本地识字表文件(部编版)
19,站,zhan,一上,1,上,车站、站点、站长、站台,缺,本地识字表文件(部编版)
20,坐,zuo,一上,1,上,坐下、坐车、请坐,缺,本地识字表文件(部编版)
21,日,ri,一上,1,上,生日、日子、日头,缺,本地识字表文件(部编版)
22,月,yue,一上,1,上,月亮、月光、一月,缺,本地识字表文件(部编版)
23,山,shan,一上,1,上,大山、山水、天山,缺,本地识字表文件(部编版)
24,川,chuan,一上,1,上,山川、平川、小川,缺,本地识字表文件(部编版)
25,水,shui,一上,1,上,水果、山水、水花,缺,本地识字表文件(部编版)
26,火,huo,一上,1,上,火山、火花、大火,缺,本地识字表文件(部编版)
27,田,tian,一上,1,上,田野、水田、田地,缺,本地识字表文件(部编版)
28,禾,he,一上,1,上,禾苗、禾草、禾谷,缺,本地识字表文件(部编版)
29,六,liu,一上,1,上,六月、六角、六神,缺,本地识字表文件(部编版)
30,七,qi,一上,1,上,七月、七星、七声,缺,本地识字表文件(部编版)
31,八,ba,一上,1,上,八月、八方、八成,缺,本地识字表文件(部编版)
32,九,jiu,一上,1,上,九月、九天、九州,缺,本地识字表文件(部编版)
33,十,shi,一上,1,上,十分、十一、十字,缺,本地识字表文件(部编版)
34,爸,ba,一上,1,上,爸爸、老爸、爸妈、阿爸,缺,本地识字表文件(部编版)
35,妈,ma,一上,1,上,妈妈、大妈、干妈,缺,本地识字表文件(部编版)
36,大,da,一上,1,上,大家、大人、大山,在,本地识字表文件(部编版)
37,马,ma,一上,1,上,小马、大马、天马,缺,本地识字表文件(部编版)
38,路,lu,一上,1,上,大路、山路、一路,缺,本地识字表文件(部编版)
39,土,tu,一上,1,上,土地、国土、水土,缺,本地识字表文件(部编版)
40,本,ben,一上,1,上,本子、本人、本地,缺,本地识字表文件(部编版)
41,学,xue,一上,1,上,学生、小学、大学,缺,本地识字表文件(部编版)
42,校,xiao,一上,1,上,学校、校长、校区,缺,本地识字表文件(部编版)
43,班,ban,一上,1,上,班级、班长、上班,缺,本地识字表文件(部编版)
44,级,ji,一上,1,上,年级、高级、一级,在,本地识字表文件(部编版)
45,姓,xing,一上,1,上,姓名、百姓、贵姓,缺,本地识字表文件(部编版)
46,名,ming,一上,1,上,名字、名人、大名,缺,本地识字表文件(部编版)
47,王,wang,一上,1,上,王子、国王、王国,缺,本地识字表文件(部编版)
48,哥,ge,一上,1,上,哥哥、大哥、小哥,缺,本地识字表文件(部编版)
49,弟,di,一上,1,上,弟弟、表弟、小弟,缺,本地识字表文件(部编版)
50,画,hua,一上,1,上,动画、画家、国画,缺,本地识字表文件(部编版)
51,花,hua,一上,1,上,花生、花儿、小花,缺,本地识字表文件(部编版)
52,打,da,一上,1,上,打球、打气、打水,缺,本地识字表文件(部编版)
53,棋,qi,一上,1,上,下棋、棋子、棋盘,缺,本地识字表文件(部编版)
54,积,ji,一上,1,上,积分、面积、体积,缺,本地识字表文件(部编版)
55,木,mu,一上,1,上,木头、木马、木工,缺,本地识字表文件(部编版)
56,字,zi,一上,1,上,写字、生字、文字,缺,本地识字表文件(部编版)
57,词,ci,一上,1,上,生词、动词、数词,缺,本地识字表文件(部编版)
58,句,ju,一上,1,上,句子、语句、名句,缺,本地识字表文件(部编版)
59,子,zi,一上,1,上,孩子、儿子、子女,缺,本地识字表文件(部编版)
60,桌,zhuo,一上,1,上,桌子、书桌、同桌、桌布,缺,本地识字表文件(部编版)
61,纸,zhi,一上,1,上,报纸、纸花、白纸,缺,本地识字表文件(部编版)
62,读,du,一上,1,上,读书、读物、朗读,在,本地识字表文件(部编版)
63,书,shu,一上,1,上,书本、图书、家书,缺,本地识字表文件(部编版)
64,鱼,yu,一上,1,上,金鱼、小鱼、海鱼,缺,本地识字表文件(部编版)
65,鸭,ya,一上,1,上,鸭子、黄鸭、野鸭,缺,本地识字表文件(部编版)
66,乌,wu,一上,1,上,乌云、乌黑、乌龙,缺,本地识字表文件(部编版)
67,鸦,ya,一上,1,上,乌鸦、涂鸦、寒鸦,缺,本地识字表文件(部编版)
68,午,wu,一上,1,上,中午、上午、下午,缺,本地识字表文件(部编版)
69,星,xing,一上,1,上,星星、海星、行星,缺,本地识字表文件(部编版)
70,期,qi,一上,1,上,学期、期中、长期,缺,本地识字表文件(部编版)
71,语,yu,一上,1,上,语文、口语、手语,缺,本地识字表文件(部编版)
72,文,wen,一上,1,上,中文、文学、天文,缺,本地识字表文件(部编版)
73,数,shu,一上,1,上,数学、数字、分数,缺,本地识字表文件(部编版)
74,写,xie,一上,1,上,写字、写作、手写,缺,本地识字表文件(部编版)
75,会,hui,一上,1,上,学会、大会、一会儿,缺,本地识字表文件(部编版)
76,白,bai,一上,1,上,白天、白云、白雪,缺,本地识字表文件(部编版)
77,菜,cai,一上,1,上,白菜、菜地、生菜,缺,本地识字表文件(部编版)
78,西,xi,一上,1,上,西瓜、西边、山西,缺,本地识字表文件(部编版)
79,瓜,gua,一上,1,上,西瓜、黄瓜、南瓜,缺,本地识字表文件(部编版)
80,果,guo,一上,1,上,水果、成果、果然,缺,本地识字表文件(部编版)
81,小,xiao,一上,1,上,小学、小心、小区,缺,本地识字表文件(部编版)
82,桥,qiao,一上,1,上,大桥、小桥、天桥,缺,本地识字表文件(部编版)
83,流,liu,一上,1,上,流水、流动、流行,缺,本地识字表文件(部编版)
84,柳,liu,一上,1,上,柳树、柳枝、柳林,缺,本地识字表文件(部编版)
85,开,kai,一上,1,上,开心、开学、开水,缺,本地识字表文件(部编版)
86,雪,xue,一上,1,上,雪人、雪花、下雪,缺,本地识字表文件(部编版)
87,夜,ye,一上,1,上,夜晚、夜市、日夜,缺,本地识字表文件(部编版)
88,色,se,一上,1,上,颜色、白色、金色,缺,本地识字表文件(部编版)
89,美,mei,一上,1,上,美丽、美好、美化,缺,本地识字表文件(部编版)
90,蓝,lan,一上,1,上,蓝天、蓝色、天蓝,缺,本地识字表文件(部编版)
91,云,yun,一上,1,上,白云、云朵、云海,缺,本地识字表文件(部编版)
92,草,cao,一上,1,上,草地、花草、水草,缺,本地识字表文件(部编版)
93,原,yuan,一上,1,上,原来、高原、原地,缺,本地识字表文件(部编版)
94,冰,bing,一上,1,上,冰块、冰山、冰花,在,本地识字表文件(部编版)
95,自,zi,一上,1,上,自己、自动、自学,缺,本地识字表文件(部编版)
96,行,xing,一上,1,上,行人、步行、不行,缺,本地识字表文件(部编版)
97,车,che,一上,1,上,车子、马车、动车,缺,本地识字表文件(部编版)
98,晚,wan,一上,1,上,晚上、晚安、晚会,缺,本地识字表文件(部编版)
99,昨,zuo,一上,1,上,昨天、昨夜、昨晚,缺,本地识字表文件(部编版)
100,今,jin,一上,1,上,今天、今年、今后,缺,本地识字表文件(部编版)
101,明,ming,一上,1,上,明天、明白、天明,缺,本地识字表文件(部编版)
102,个,ge,一上,1,上,一个、个子、个人,缺,本地识字表文件(部编版)
103,这,zhe,一上,1,上,这里、这儿、这时,缺,本地识字表文件(部编版)
104,去,qu,一上,1,上,出去、去年、上去,缺,本地识字表文件(部编版)
105,年,nian,一上,1,上,新年、学年、年头,缺,本地识字表文件(部编版)
106,秋,qiu,一上,1,上,秋天、中秋、金秋,缺,本地识字表文件(部编版)
107,气,qi,一上,1,上,天气、生气、大气,缺,本地识字表文件(部编版)
108,了,le,一上,1,上,有了、成了、好了,缺,本地识字表文件(部编版)
109,树,shu,一上,1,上,小树、树林、树木,缺,本地识字表文件(部编版)
110,叶,ye,一上,1,上,叶子、红叶、叶面,缺,本地识字表文件(部编版)
111,黄,huang,一上,1,上,黄色、金黄、黄山,缺,本地识字表文件(部编版)
112,片,pian,一上,1,上,照片、大片、片段,缺,本地识字表文件(部编版)
113,从,cong,一上,1,上,从小、从头、自从,缺,本地识字表文件(部编版)
114,来,lai,一上,1,上,来到、来自、上来,缺,本地识字表文件(部编版)
115,飞,fei,一上,1,上,飞机、飞行、高飞,缺,本地识字表文件(部编版)
116,江,jiang,一上,1,上,长江、江水、江山,缺,本地识字表文件(部编版)
117,南,nan,一上,1,上,南方、南山、海南,缺,本地识字表文件(部编版)
118,可,ke,一上,1,上,可爱、可以、可心,缺,本地识字表文件(部编版)
119,采,cai,一上,1,上,采花、文采、风采,缺,本地识字表文件(部编版)
120,莲,lian,一上,1,上,莲花、莲子、雪莲,缺,本地识字表文件(部编版)
121,戏,xi,一上,1,上,马戏、戏法、大戏,缺,本地识字表文件(部编版)
122,间,jian,一上,1,上,时间、中间、人间,在,本地识字表文件(部编版)
123,东,dong,一上,1,上,东方、山东、东海,缺,本地识字表文件(部编版)
124,北,bei,一上,1,上,北京、北方、北海,缺,本地识字表文件(部编版)
125,的,de,一上,1,上,我的、有的、美的,缺,本地识字表文件(部编版)
126,家,jia,一上,1,上,大家、家人、一家,缺,本地识字表文件(部编版)
127,鸡,ji,一上,1,上,小鸡、公鸡、金鸡,缺,本地识字表文件(部编版)
128,竹,zhu,一上,1,上,竹子、竹马、空竹,缺,本地识字表文件(部编版)
129,牙,ya,一上,1,上,牙齿、长牙、牙口,缺,本地识字表文件(部编版)
130,用,yong,一上,1,上,用心、有用、家用,缺,本地识字表文件(部编版)
131,几,ji,一上,1,上,几天、几点、几年,在,本地识字表文件(部编版)
132,步,bu,一上,1,上,大步、步行、步子,缺,本地识字表文件(部编版)
133,没,mei,一上,1,上,没有、没事、没用,缺,本地识字表文件(部编版)
134,参,can,一上,1,上,参加、人参、参天,在,本地识字表文件(部编版)
135,加,jia,一上,1,上,加分、加法、加大,缺,本地识字表文件(部编版)
136,鸟,niao,一上,1,上,小鸟、鸟儿、海鸟,缺,本地识字表文件(部编版)
137,说,shuo,一上,1,上,小说、说法、说出,缺,本地识字表文件(部编版)
138,是,shi,一上,1,上,可是、正是、老是,缺,本地识字表文件(部编版)
139,春,chun,一上,1,上,春天、春风、长春,缺,本地识字表文件(部编版)
140,青,qing,一上,1,上,青草、青山、青海,缺,本地识字表文件(部编版)
141,蛙,wa,一上,1,上,青蛙、蛙泳、牛蛙,缺,本地识字表文件(部编版)
142,夏,xia,一上,1,上,夏天、夏季、夏日,缺,本地识字表文件(部编版)
143,着,zhe,一上,1,上,有着、看着、听着,缺,本地识字表文件(部编版)
144,皮,pi,一上,1,上,皮球、果皮、头皮,缺,本地识字表文件(部编版)
145,就,jiu,一上,1,上,就是、成就、就地,缺,本地识字表文件(部编版)
146,冬,dong,一上,1,上,冬天、冬日、冬青,缺,本地识字表文件(部编版)
147,男,nan,一上,1,上,男生、男子、男儿,缺,本地识字表文件(部编版)
148,女,nv,一上,1,上,女生、女儿、儿女,缺,本地识字表文件(部编版)
149,关,guan,一上,1,上,关心、关门、大关,缺,本地识字表文件(部编版)
150,正,zheng,一上,1,上,正好、正气、正中,缺,本地识字表文件(部编版)
151,反,fan,一上,1,上,相反、反手、反面,缺,本地识字表文件(部编版)
152,先,xian,一上,1,上,先生、先后、先行,缺,本地识字表文件(部编版)
153,后,hou,一上,1,上,以后、后天、后来,缺,本地识字表文件(部编版)
154,内,nei,一上,1,上,内心、内地、国内,在,本地识字表文件(部编版)
155,外,wai,一上,1,上,外面、外地、中外,缺,本地识字表文件(部编版)
156,对,dui,一上,1,上,对面、一对、对子,缺,本地识字表文件(部编版)
157,歌,ge,一上,1,上,儿歌、国歌、歌手,缺,本地识字表文件(部编版)
158,雨,yu,一上,1,上,下雨、大雨、雨天,缺,本地识字表文件(部编版)
159,风,feng,一上,1,上,风车、大风、海风,缺,本地识字表文件(部编版)
160,虫,chong,一上,1,上,虫子、昆虫、毛虫,缺,本地识字表文件(部编版)
161,清,qing,一上,1,上,清晨、清水、清白,缺,本地识字表文件(部编版)
162,绿,lv,一上,1,上,绿色、绿地、绿化,缺,本地识字表文件(部编版)
163,桃,tao,一上,1,上,桃子、桃花、桃红,缺,本地识字表文件(部编版)
164,红,hong,一上,1,上,红色、红花、红心,缺,本地识字表文件(部编版)
165,力,li,一上,1,上,力气、大力、水力,缺,本地识字表文件(部编版)
166,尖,jian,一上,1,上,脚尖、尖子、眼尖,缺,本地识字表文件(部编版)
167,尘,chen,一上,1,上,灰尘、尘土、沙尘,在,本地识字表文件(部编版)
168,众,zhong,一上,1,上,众人、大众、出众,缺,本地识字表文件(部编版)
169,双,shuang,一上,1,上,双手、双人、双打,缺,本地识字表文件(部编版)
170,林,lin,一上,1,上,山林、林子、小林,缺,本地识字表文件(部编版)
171,森,sen,一上,1,上,森林、森然、阴森,缺,本地识字表文件(部编版)
172,不,bu,一上,1,上,不是、不行、不动,缺,本地识字表文件(部编版)
173,条,tiao,一上,1,上,面条、长条、头条,缺,本地识字表文件(部编版)
174,心,xin,一上,1,上,开心、心中、一心,缺,本地识字表文件(部编版)
175,金,jin,一上,1,上,金色、金子、金山,缺,本地识字表文件(部编版)
176,包,bao,一上,1,上,书包、包子、小包,缺,本地识字表文件(部编版)
177,尺,chi,一上,1,上,尺子、皮尺、角尺,缺,本地识字表文件(部编版)
178,作,zuo,一上,1,上,作业、作家、动作,缺,本地识字表文件(部编版)
179,业,ye,一上,1,上,作业、学业、行业,缺,本地识字表文件(部编版)
180,笔,bi,一上,1,上,铅笔、毛笔、动笔,缺,本地识字表文件(部编版)
181,刀,dao,一上,1,上,剪刀、小刀、大刀,缺,本地识字表文件(部编版)
182,宝,bao,一上,1,上,宝贝、国宝、宝地,缺,本地识字表文件(部编版)
183,贝,bei,一上,1,上,贝壳、小贝、贝斯,缺,本地识字表文件(部编版)
184,少,shao,一上,1,上,多少、少年、少儿,在,本地识字表文件(部编版)
185,课,ke,一上,1,上,上课、下课、课本,缺,本地识字表文件(部编版)
186,早,zao,一上,1,上,早上、早点、早安,缺,本地识字表文件(部编版)
187,升,sheng,一上,1,上,上升、升高、升学,缺,本地识字表文件(部编版)
188,国,guo,一上,1,上,中国、大国、国花,缺,本地识字表文件(部编版)
189,旗,qi,一上,1,上,国旗、旗子、旗手,缺,本地识字表文件(部编版)
190,中,zhong,一上,1,上,中心、心中、中午,在,本地识字表文件(部编版)
191,们,men,一上,1,上,我们、他们、人们、你们,缺,本地识字表文件(部编版)
192,声,sheng,一上,1,上,大声、小声、声音,缺,本地识字表文件(部编版)
193,起,qi,一上,1,上,一起、起来、起床,缺,本地识字表文件(部编版)
194,多,duo,一上,1,上,多少、很多、多大,缺,本地识字表文件(部编版)
195,么,me,一上,1,上,什么、这么、多么,缺,本地识字表文件(部编版)
196,向,xiang,一上,1,上,向上、一向、方向,缺,本地识字表文件(部编版)
197,立,li,一上,1,上,站立、立正、立刻,缺,本地识字表文件(部编版)
198,老,lao,一上,1,上,老师、老人、老家,缺,本地识字表文件(部编版)
199,师,shi,一上,1,上,老师、师生、师长,缺,本地识字表文件(部编版)
200,工,gong,一上,1,上,工人、手工、工地,缺,本地识字表文件(部编版)
201,厂,chang,一上,1,上,工厂、厂家、厂长、出厂,缺,本地识字表文件(部编版)
202,医,yi,一上,1,上,医生、中医、医学,缺,本地识字表文件(部编版)
203,院,yuan,一上,1,上,院子、医院、出院,缺,本地识字表文件(部编版)
204,生,sheng,一上,1,上,学生、花生、天生,缺,本地识字表文件(部编版)
205,门,men,一上,1,上,大门、开门、门口,缺,本地识字表文件(部编版)
206,卫,wei,一上,1,上,卫生、自卫、卫国,缺,本地识字表文件(部编版)
207,船,chuan,一上,1,上,小船、船长、船头,缺,本地识字表文件(部编版)
208,弯,wan,一上,1,上,转弯、弯曲、弯月,缺,本地识字表文件(部编版)
209,儿,er,一上,1,上,儿子、儿童、儿女,缺,本地识字表文件(部编版)
210,两,liang,一上,1,上,两个、两边、两面,缺,本地识字表文件(部编版)
211,头,tou,一上,1,上,头发、大头、山头,缺,本地识字表文件(部编版)
212,在,zai,一上,1,上,在家、现在、自在,缺,本地识字表文件(部编版)
213,里,li,一上,1,上,心里、手里、里面,缺,本地识字表文件(部编版)
214,看,kan,一上,1,上,看见、看书、看法,在,本地识字表文件(部编版)
215,见,jian,一上,1,上,见面、再见、主见,缺,本地识字表文件(部编版)
216,闪,shan,一上,1,上,闪电、闪光、闪开,缺,本地识字表文件(部编版)
217,影,ying,一上,1,上,影子、电影、合影,缺,本地识字表文件(部编版)
218,前,qian,一上,1,上,前面、前天、面前,缺,本地识字表文件(部编版)
219,常,chang,一上,1,上,平常、日常、非常,缺,本地识字表文件(部编版)
220,黑,hei,一上,1,上,黑板、天黑、黑色,缺,本地识字表文件(部编版)
221,狗,gou,一上,1,上,小狗、狗年、热狗,缺,本地识字表文件(部编版)
222,左,zuo,一上,1,上,左手、左面、左转,缺,本地识字表文件(部编版)
223,右,you,一上,1,上,右手、右边、右面,缺,本地识字表文件(部编版)
224,它,ta,一上,1,上,它们、其它、管它,缺,本地识字表文件(部编版)
225,好,hao,一上,1,上,好人、好心、好学,缺,本地识字表文件(部编版)
226,朋,peng,一上,1,上,朋友、小朋友、老朋友,缺,本地识字表文件(部编版)
227,友,you,一上,1,上,朋友、友情、学友,缺,本地识字表文件(部编版)
228,件,jian,一上,1,上,文件、事件、物件,在,本地识字表文件(部编版)
229,有,you,一上,1,上,有人、有力、有心,缺,本地识字表文件(部编版)
230,和,he,一上,1,上,和平、和气、和好,在,本地识字表文件(部编版)
231,做,zuo,一上,1,上,做事、做人、做工,缺,本地识字表文件(部编版)
232,也,ye,一上,1,上,也许、也好、也就是,缺,本地识字表文件(部编版)
233,办,ban,一上,1,上,办法、办事、办公,缺,本地识字表文件(部编版)
234,到,dao,一上,1,上,到家、得到、学到,缺,本地识字表文件(部编版)
235,又,you,一上,1,上,又名、又称、又一次,缺,本地识字表文件(部编版)
236,才,cai,一上,1,上,天才、人才、口才,缺,本地识字表文件(部编版)
237,能,neng,一上,1,上,能力、能够、能干,缺,本地识字表文件(部编版)
238,爷,ye,一上,1,上,爷爷、大爷、老爷,缺,本地识字表文件(部编版)
239,奶,nai,一上,1,上,牛奶、奶奶、酸奶、奶茶,缺,本地识字表文件(部编版)
240,叔,shu,一上,1,上,叔叔、大叔、小叔,缺,本地识字表文件(部编版)
241,姐,jie,一上,1,上,姐姐、大姐、表姐、师姐,缺,本地识字表文件(部编版)
242,妹,mei,一上,1,上,妹妹、小妹、表妹、学妹,缺,本地识字表文件(部编版)
243,比,bi,一上,1,上,比分、无比、比心,缺,本地识字表文件(部编版)
244,尾,wei,一上,1,上,尾巴、马尾、长尾,缺,本地识字表文件(部编版)
245,巴,ba,一上,1,上,大巴、小巴、锅巴,缺,本地识字表文件(部编版)
246,谁,shui,一上,1,上,谁知、谁料、谁知道,缺,本地识字表文件(部编版)
247,长,zhang,一上,1,上,长江、长城、长生,缺,本地识字表文件(部编版)
248,短,duan,一上,1,上,短发、短文、长短,在,本地识字表文件(部编版)
249,把,ba,一上,1,上,把手、车把、门把,缺,本地识字表文件(部编版)
250,伞,san,一上,1,上,雨伞、打伞、跳伞,缺,本地识字表文件(部编版)
251,兔,tu,一上,1,上,兔子、白兔、兔年,缺,本地识字表文件(部编版)
252,最,zui,一上,1,上,最好、最近、最高,缺,本地识字表文件(部编版)
253,公,gong,一上,1,上,公园、公鸡、公平,缺,本地识字表文件(部编版)
254,喝,he,一上,1,上,喝茶、喝光、好喝,缺,本地识字表文件(部编版)
255,只,zhi,一上,1,上,只有、只好、只能,缺,本地识字表文件(部编版)
256,处,chu,一上,1,上,高处、长处、到处,在,本地识字表文件(部编版)
257,找,zhao,一上,1,上,找回、找出、找钱,缺,本地识字表文件(部编版)
258,许,xu,一上,1,上,许多、不许、许可,缺,本地识字表文件(部编版)
259,石,shi,一上,1,上,石头、石子、化石,缺,本地识字表文件(部编版)
260,出,chu,一上,1,上,出生、出国、出来,缺,本地识字表文件(部编版)
261,法,fa,一上,1,上,法子、法国、方法,缺,本地识字表文件(部编版)
262,放,fang,一上,1,上,放学、放心、放假,缺,本地识字表文件(部编版)
263,进,jin,一上,1,上,进行、上进、长进,缺,本地识字表文件(部编版)
264,高,gao,一上,1,上,高大、高山、高手,缺,本地识字表文件(部编版)
265,点,dian,一上,1,上,点心、点头、一点,缺,本地识字表文件(部编版)
266,彩,cai,一上,1,上,彩虹、水彩、彩车,缺,本地识字表文件(部编版)
267,半,ban,一上,1,上,一半、半天、上半,缺,本地识字表文件(部编版)
268,空,kong,一上,1,上,空中、空地、空心,缺,本地识字表文件(部编版)
269,问,wen,一上,1,上,问题、学问、发问,缺,本地识字表文件(部编版)
270,回,hui,一上,1,上,回家、回头、回国,缺,本地识字表文件(部编版)
271,答,da,一上,1,上,回答、答对、报答,在,本地识字表文件(部编版)
272,方,fang,一上,1,上,地方、大方、一方,缺,本地识字表文件(部编版)
273,久,jiu,一上,1,上,多久、长久、不久,缺,本地识字表文件(部编版)
274,更,geng,一上,1,上,更加、更新、更正,在,本地识字表文件(部编版)
275,牛,niu,一上,1,上,牛奶、水牛、牛头,缺,本地识字表文件(部编版)
276,羊,yang,一上,1,上,山羊、小羊、白羊,缺,本地识字表文件(部编版)
277,爪,zhao,一上,1,上,爪子、鸡爪、爪印,缺,本地识字表文件(部编版)
278,旦,dan,一上,1,上,一旦、旦角、元旦,在,本地识字表文件(部编版)
279,拼,pin,一上,1,上,拼音、拼字、拼车,缺,本地识字表文件(部编版)
280,音,yin,一上,1,上,发音、口音、高音,缺,本地识字表文件(部编版)
281,霜,shuang,一下,1,下,面霜、白霜、霜花,缺,本地识字表文件(部编版)
282,吹,chui,一下,1,下,吹风、吹牛、吹号,缺,本地识字表文件(部编版)
283,落,luo,一下,1,下,落下、落地、下落,在,本地识字表文件(部编版)
284,降,jiang,一下,1,下,下降、空降、降生,在,本地识字表文件(部编版)
285,飘,piao,一下,1,下,飘落、飘动、飘香,缺,本地识字表文件(部编版)
286,游,you,一下,1,下,游泳、游人、游水,缺,本地识字表文件(部编版)
287,池,chi,一下,1,下,水池、鱼池、电池,缺,本地识字表文件(部编版)
288,入,ru,一下,1,下,入学、入门、入口,缺,本地识字表文件(部编版)
289,氏,shi,一下,1,下,姓氏、氏族、人氏,缺,本地识字表文件(部编版)
290,李,li,一下,1,下,李子、行李、李白,缺,本地识字表文件(部编版)
291,张,zhang,一下,1,下,张开、张口、主张,缺,本地识字表文件(部编版)
292,古,gu,一下,1,下,古人、古文、自古,缺,本地识字表文件(部编版)
293,胡,hu,一下,1,下,胡子、胡同、胡萝卜,在,本地识字表文件(部编版)
294,吴,wu,一下,1,下,吴国、东吴、吴语,缺,本地识字表文件(部编版)
295,赵,zhao,一下,1,下,赵国、赵云、赵州桥,在,本地识字表文件(部编版)
296,钱,qian,一下,1,下,花钱、金钱、有钱,缺,本地识字表文件(部编版)
297,孙,sun,一下,1,下,子孙、孙子、孙女,缺,本地识字表文件(部编版)
298,周,zhou,一下,1,下,周一、下周、一周,缺,本地识字表文件(部编版)
299,官,guan,一下,1,下,长官、县官、小官,在,本地识字表文件(部编版)
300,晴,qing,一下,1,下,晴天、晴朗、放晴,缺,本地识字表文件(部编版)
301,眼,yan,一下,1,下,眼睛、眼花、一眼,缺,本地识字表文件(部编版)
302,睛,jing,一下,1,下,眼睛、眨眼睛、定睛,缺,本地识字表文件(部编版)
303,保,bao,一下,1,下,保护、保安、保温,在,本地识字表文件(部编版)
304,护,hu,一下,1,下,护士、保护、护理,缺,本地识字表文件(部编版)
305,害,hai,一下,1,下,有害、无害、利害,缺,本地识字表文件(部编版)
306,事,shi,一下,1,下,小事、大事、心事,缺,本地识字表文件(部编版)
307,情,qing,一下,1,下,心情、友情、热情,缺,本地识字表文件(部编版)
308,请,qing,一下,1,下,请教、请客、请进,缺,本地识字表文件(部编版)
309,让,rang,一下,1,下,让座、让路、让开,缺,本地识字表文件(部编版)
310,病,bing,一下,1,下,生病、病人、小病,缺,本地识字表文件(部编版)
311,相,xiang,一下,1,下,相信、相互、相机,在,本地识字表文件(部编版)
312,遇,yu,一下,1,下,遇见、相遇、奇遇,缺,本地识字表文件(部编版)
313,喜,xi,一下,1,下,喜欢、喜事、喜气,缺,本地识字表文件(部编版)
314,欢,huan,一下,1,下,欢乐、欢声、欢度,缺,本地识字表文件(部编版)
315,怕,pa,一下,1,下,害怕、可怕、不怕,缺,本地识字表文件(部编版)
316,攻,gong,一下,1,下,攻打、攻克、反攻,在,本地识字表文件(部编版)
317,言,yan,一下,1,下,发言、语言、文言,缺,本地识字表文件(部编版)
318,互,hu,一下,1,下,互相、互动、相互,缺,本地识字表文件(部编版)
319,令,ling,一下,1,下,口令、下令、令人,缺,本地识字表文件(部编版)
320,动,dong,一下,1,下,运动、动手、生动,缺,本地识字表文件(部编版)
321,万,wan,一下,1,下,万物、万一、上万,缺,本地识字表文件(部编版)
322,纯,chun,一下,1,下,纯白、纯正、清纯,缺,本地识字表文件(部编版)
323,净,jing,一下,1,下,干净、净化、清净,缺,本地识字表文件(部编版)
324,阴,yin,一下,1,下,阴天、阴面、阴凉,缺,本地识字表文件(部编版)
325,雷,lei,一下,1,下,雷电、地雷、雷公,缺,本地识字表文件(部编版)
326,电,dian,一下,1,下,电话、电子、手电,缺,本地识字表文件(部编版)
327,阵,zhen,一下,1,下,一阵、阵风、方阵,缺,本地识字表文件(部编版)
328,冻,dong,一下,1,下,解冻、冰冻、冻结,缺,本地识字表文件(部编版)
329,夹,jia,一下,1,下,夹子、发夹、夹克,在,本地识字表文件(部编版)
330,吃,chi,一下,1,下,吃饭、小吃、吃力,缺,本地识字表文件(部编版)
331,忘,wang,一下,1,下,忘记、难忘、忘词,缺,本地识字表文件(部编版)
332,井,jing,一下,1,下,水井、井口、天井,缺,本地识字表文件(部编版)
333,村,cun,一下,1,下,村子、山村、村里,缺,本地识字表文件(部编版)
334,叫,jiao,一下,1,下,叫声、名叫、叫好,缺,本地识字表文件(部编版)
335,毛,mao,一下,1,下,毛衣、毛发、羽毛,缺,本地识字表文件(部编版)
336,主,zhu,一下,1,下,主人、主动、自主,缺,本地识字表文件(部编版)
337,席,xi,一下,1,下,席子、草席、出席,缺,本地识字表文件(部编版)
338,乡,xiang,一下,1,下,家乡、乡下、水乡,缺,本地识字表文件(部编版)
339,亲,qin,一下,1,下,亲人、亲手、亲自,缺,本地识字表文件(部编版)
340,战,zhan,一下,1,下,战国、大战、战马,缺,本地识字表文件(部编版)
341,士,shi,一下,1,下,战士、道士、士气,缺,本地识字表文件(部编版)
342,面,mian,一下,1,下,面条、地面、一面,缺,本地识字表文件(部编版)
343,想,xiang,一下,1,下,想法、理想、想家,缺,本地识字表文件(部编版)
344,告,gao,一下,1,下,公告、转告、通告,缺,本地识字表文件(部编版)
345,诉,su,一下,1,下,告诉、诉说、上诉,缺,本地识字表文件(部编版)
346,京,jing,一下,1,下,北京、南京、京城,缺,本地识字表文件(部编版)
347,城,cheng,一下,1,下,城市、小城、山城,缺,本地识字表文件(部编版)
348,安,an,一下,1,下,安全、安心、平安,缺,本地识字表文件(部编版)
349,广,guang,一下,1,下,广场、广大、广西,缺,本地识字表文件(部编版)
350,非,fei,一下,1,下,非常、无非、南非,缺,本地识字表文件(部编版)
351,壮,zhuang,一下,1,下,壮美、壮大、壮族,缺,本地识字表文件(部编版)
352,观,guan,一下,1,下,观光、观点、外观,缺,本地识字表文件(部编版)
353,宽,kuan,一下,1,下,宽阔、宽大、宽心,缺,本地识字表文件(部编版)
354,太,tai,一下,1,下,太阳、太平、太公,缺,本地识字表文件(部编版)
355,阳,yang,一下,1,下,阳光、太阳、朝阳,缺,本地识字表文件(部编版)
356,道,dao,一下,1,下,知道、大道、地道,缺,本地识字表文件(部编版)
357,送,song,一下,1,下,送人、送行、发送,缺,本地识字表文件(部编版)
358,忙,mang,一下,1,下,连忙、急忙、忙着,缺,本地识字表文件(部编版)
359,尝,chang,一下,1,下,品尝、尝试、尝鲜,缺,本地识字表文件(部编版)
360,香,xiang,一下,1,下,香气、花香、香水,缺,本地识字表文件(部编版)
361,甜,tian,一下,1,下,甜美、甜点、甜头,缺,本地识字表文件(部编版)
362,温,wen,一下,1,下,温暖、气温、体温,缺,本地识字表文件(部编版)
363,暖,nuan,一下,1,下,暖气、暖风、暖心,缺,本地识字表文件(部编版)
364,该,gai,一下,1,下,应该、不该、该当,缺,本地识字表文件(部编版)
365,颜,yan,一下,1,下,颜色、颜料、开颜,缺,本地识字表文件(部编版)
366,因,yin,一下,1,下,因为、原因、病因,缺,本地识字表文件(部编版)
367,辆,liang,一下,1,下,车辆、一辆、机动车辆、装甲车辆,缺,本地识字表文件(部编版)
368,匹,pi,一下,1,下,马匹、布匹、匹配,缺,本地识字表文件(部编版)
369,册,ce,一下,1,下,册子、相册、手册,在,本地识字表文件(部编版)
370,支,zhi,一下,1,下,支持、支出、分支,缺,本地识字表文件(部编版)
371,铅,qian,一下,1,下,铅笔、铅球、铅字,缺,本地识字表文件(部编版)
372,棵,ke,一下,1,下,一棵树、一棵草、发棵、棵数,缺,本地识字表文件(部编版)
373,架,jia,一下,1,下,架子、打架、书架,在,本地识字表文件(部编版)
374,块,kuai,一下,1,下,一块、石块、木块,缺,本地识字表文件(部编版)
375,捉,zhuo,一下,1,下,捉住、捉弄、活捉,缺,本地识字表文件(部编版)
376,急,ji,一下,1,下,着急、心急、急事,缺,本地识字表文件(部编版)
377,直,zhi,一下,1,下,一直、直线、直行,缺,本地识字表文件(部编版)
378,河,he,一下,1,下,小河、河水、河马,缺,本地识字表文件(部编版)
379,死,si,一下,1,下,气死、生死、死海,缺,本地识字表文件(部编版)
380,信,xin,一下,1,下,信心、自信、家信,缺,本地识字表文件(部编版)
381,跟,gen,一下,1,下,跟上、脚跟、跟头,缺,本地识字表文件(部编版)
382,忽,hu,一下,1,下,忽然、忽视、忽略,缺,本地识字表文件(部编版)
383,喊,han,一下,1,下,大喊、喊声、呼喊,缺,本地识字表文件(部编版)
384,身,shen,一下,1,下,身子、动身、一身,缺,本地识字表文件(部编版)
385,窝,wo,一下,1,下,酒窝、安乐窝、窝心,缺,本地识字表文件(部编版)
386,孤,gu,一下,1,下,孤单、孤儿、孤立,缺,本地识字表文件(部编版)
387,单,dan,一下,1,下,单独、单子、单手,在,本地识字表文件(部编版)
388,种,zhong,一下,1,下,种子、种花、种地,缺,本地识字表文件(部编版)
389,都,dou,一下,1,下,都市、大都、国都,缺,本地识字表文件(部编版)
390,邻,lin,一下,1,下,邻居、邻里、邻家,缺,本地识字表文件(部编版)
391,居,ju,一下,1,下,安居、居家、新居,缺,本地识字表文件(部编版)
392,招,zhao,一下,1,下,招手、招生、高招,缺,本地识字表文件(部编版)
393,呼,hu,一下,1,下,呼气、呼声、欢呼,缺,本地识字表文件(部编版)
394,觉,jue,一下,1,下,觉得、感觉、发觉,缺,本地识字表文件(部编版)
395,乐,le,一下,1,下,快乐、乐手、安乐,缺,本地识字表文件(部编版)
396,怎,zen,一下,1,下,怎么、怎样、怎么了,缺,本地识字表文件(部编版)
397,独,du,一下,1,下,独自、独行、独当一面,在,本地识字表文件(部编版)
398,跳,tiao,一下,1,下,跳高、跳水、心跳,缺,本地识字表文件(部编版)
399,绳,sheng,一下,1,下,绳子、跳绳、线绳,缺,本地识字表文件(部编版)
400,讲,jiang,一下,1,下,讲台、讲理、讲话,缺,本地识字表文件(部编版)
401,得,de,一下,1,下,得到、心得、得分,缺,本地识字表文件(部编版)
402,羽,yu,一下,1,下,羽毛、羽毛球、羽球,缺,本地识字表文件(部编版)
403,球,qiu,一下,1,下,地球、水球、球拍、打球,缺,本地识字表文件(部编版)
404,排,pai,一下,1,下,安排、一排、排队,缺,本地识字表文件(部编版)
405,篮,lan,一下,1,下,篮子、篮球、投篮,缺,本地识字表文件(部编版)
406,连,lian,一下,1,下,连长、连忙、连接,缺,本地识字表文件(部编版)
407,运,yun,一下,1,下,运动、运气、运行,缺,本地识字表文件(部编版)
408,静,jing,一下,1,下,安静、平静、文静,缺,本地识字表文件(部编版)
409,思,si,一下,1,下,思想、意思、思路,缺,本地识字表文件(部编版)
410,床,chuang,一下,1,下,起床、床头、床单,缺,本地识字表文件(部编版)
411,光,guang,一下,1,下,阳光、光头、光明,缺,本地识字表文件(部编版)
412,疑,yi,一下,1,下,疑问、怀疑、疑心,缺,本地识字表文件(部编版)
413,举,ju,一下,1,下,举手、举行、举动,在,本地识字表文件(部编版)
414,望,wang,一下,1,下,希望、看望、愿望,缺,本地识字表文件(部编版)
415,低,di,一下,1,下,低头、高低、低语,缺,本地识字表文件(部编版)
416,故,gu,一下,1,下,故事、事故、故人,缺,本地识字表文件(部编版)
417,胆,dan,一下,1,下,胆子、大胆、胆小,在,本地识字表文件(部编版)
418,敢,gan,一下,1,下,勇敢、敢于、胆敢,缺,本地识字表文件(部编版)
419,往,wang,一下,1,下,往事、往年、往后,缺,本地识字表文件(部编版)
420,勇,yong,一下,1,下,勇气、勇士、英勇,缺,本地识字表文件(部编版)
421,窗,chuang,一下,1,下,窗户、窗口、窗花,缺,本地识字表文件(部编版)
422,乱,luan,一下,1,下,乱动、忙乱、乱石,缺,本地识字表文件(部编版)
423,偏,pian,一下,1,下,偏心、偏西、偏方,在,本地识字表文件(部编版)
424,散,san,一下,1,下,散心、分散、散开,缺,本地识字表文件(部编版)
425,像,xiang,一下,1,下,好像、头像、石像,缺,本地识字表文件(部编版)
426,微,wei,一下,1,下,微风、微笑、微小,缺,本地识字表文件(部编版)
427,再,zai,一下,1,下,再见、再三、再次,缺,本地识字表文件(部编版)
428,端,duan,一下,1,下,端午、端上、端正,缺,本地识字表文件(部编版)
429,粽,zong,一下,1,下,粽子、粽叶、肉粽、甜粽,缺,本地识字表文件(部编版)
430,节,jie,一下,1,下,节日、春节、节水,缺,本地识字表文件(部编版)
431,总,zong,一下,1,下,总是、总之、总数,缺,本地识字表文件(部编版)
432,米,mi,一下,1,下,大米、小米、米面,缺,本地识字表文件(部编版)
433,分,fen,一下,1,下,十分、分数、分开,缺,本地识字表文件(部编版)
434,样,yang,一下,1,下,样子、一样、花样,缺,本地识字表文件(部编版)
435,豆,dou,一下,1,下,豆子、黄豆、红豆,缺,本地识字表文件(部编版)
436,肉,rou,一下,1,下,肉片、鱼肉、长肉,缺,本地识字表文件(部编版)
437,带,dai,一下,1,下,海带、带头、带子,缺,本地识字表文件(部编版)
438,传,chuan,一下,1,下,传说、上传、家传,在,本地识字表文件(部编版)
439,念,nian,一下,1,下,想念、念书、念头,缺,本地识字表文件(部编版)
440,虹,hong,一下,1,下,彩虹、长虹、霓虹,缺,本地识字表文件(部编版)
441,座,zuo,一下,1,下,座位、星座、一座山,缺,本地识字表文件(部编版)
442,浇,jiao,一下,1,下,浇花、浇水、浇灌,缺,本地识字表文件(部编版)
443,如,ru,一下,1,下,如果、如何、如花,缺,本地识字表文件(部编版)
444,提,ti,一下,1,下,提问、提高、手提,在,本地识字表文件(部编版)
445,洒,sa,一下,1,下,洒水、洒落、洒满,缺,本地识字表文件(部编版)
446,挑,tiao,一下,1,下,挑水、挑战、单挑,在,本地识字表文件(部编版)
447,兴,xing,一下,1,下,高兴、兴头、大兴,在,本地识字表文件(部编版)
448,镜,jing,一下,1,下,镜子、眼镜、镜头,缺,本地识字表文件(部编版)
449,拿,na,一下,1,下,拿起、拿来、拿手,缺,本地识字表文件(部编版)
450,照,zhao,一下,1,下,照片、照顾、日照,缺,本地识字表文件(部编版)
451,千,qian,一下,1,下,千金、千里、成千,缺,本地识字表文件(部编版)
452,裙,qun,一下,1,下,裙子、围裙、长裙,缺,本地识字表文件(部编版)
453,眉,mei,一下,1,下,眉毛、眉头、眉心,缺,本地识字表文件(部编版)
454,鼻,bi,一下,1,下,鼻子、鼻尖、鼻孔,缺,本地识字表文件(部编版)
455,嘴,zui,一下,1,下,嘴巴、多嘴、嘴里,缺,本地识字表文件(部编版)
456,脖,bo,一下,1,下,脖子、围脖、脖领,缺,本地识字表文件(部编版)
457,臂,bi,一下,1,下,手臂、双臂、臂力,在,本地识字表文件(部编版)
458,肚,du,一下,1,下,肚子、肚皮、肚痛,缺,本地识字表文件(部编版)
459,腿,tui,一下,1,下,大腿、小腿、火腿,缺,本地识字表文件(部编版)
460,脚,jiao,一下,1,下,山脚、脚心、手脚,缺,本地识字表文件(部编版)
461,蜻,qing,一下,1,下,蜻蜓、蜻蛉、蜻蜓点水,缺,本地识字表文件(部编版)
462,蜓,ting,一下,1,下,蜻蜓、蜻蜓目、蜻蜓点水,缺,本地识字表文件(部编版)
463,迷,mi,一下,1,下,迷人、迷路、球迷,缺,本地识字表文件(部编版)
464,藏,cang,一下,1,下,西藏、藏书、藏身,缺,本地识字表文件(部编版)
465,造,zao,一下,1,下,打造、人造、造化,缺,本地识字表文件(部编版)
466,蚂,ma,一下,1,下,蚂蚁、蚂蚱、蚂蜂,缺,本地识字表文件(部编版)
467,蚁,yi,一下,1,下,蚁穴、蚁窝、工蚁,缺,本地识字表文件(部编版)
468,食,shi,一下,1,下,食物、面食、主食,缺,本地识字表文件(部编版)
469,粮,liang,一下,1,下,粮食、干粮、口粮,缺,本地识字表文件(部编版)
470,蜘,zhi,一下,1,下,蜘蛛、蜘蛛网、蜘蛛侠、蜘蛛人,缺,本地识字表文件(部编版)
471,蛛,zhu,一下,1,下,蜘蛛、蛛网、蛛丝,缺,本地识字表文件(部编版)
472,网,wang,一下,1,下,上网、网球、渔网,缺,本地识字表文件(部编版)
473,圆,yuan,一下,1,下,团圆、圆点、圆心,缺,本地识字表文件(部编版)
474,严,yan,一下,1,下,严格、严重、严实,缺,本地识字表文件(部编版)
475,寒,han,一下,1,下,寒风、寒冷、寒天,缺,本地识字表文件(部编版)
476,酷,ku,一下,1,下,酷热、酷爱、冷酷,缺,本地识字表文件(部编版)
477,暑,shu,一下,1,下,暑假、暑天、中暑,缺,本地识字表文件(部编版)
478,凉,liang,一下,1,下,凉水、凉面、凉意,缺,本地识字表文件(部编版)
479,晨,chen,一下,1,下,早晨、清晨、晨跑,缺,本地识字表文件(部编版)
480,细,xi,一下,1,下,细心、细线、细雨,缺,本地识字表文件(部编版)
481,朝,chao,一下,1,下,朝气、朝阳、朝夕,缺,本地识字表文件(部编版)
482,霞,xia,一下,1,下,彩霞、晚霞、霞光,缺,本地识字表文件(部编版)
483,夕,xi,一下,1,下,夕阳、除夕、七夕,缺,本地识字表文件(部编版)
484,杨,yang,一下,1,下,杨树、白杨、杨桃,缺,本地识字表文件(部编版)
485,操,cao,一下,1,下,操场、体操、操心,缺,本地识字表文件(部编版)
486,场,chang,一下,1,下,操场、机场、场地,缺,本地识字表文件(部编版)
487,拔,ba,一下,1,下,海拔、拔河、拔高,缺,本地识字表文件(部编版)
488,拍,pai,一下,1,下,拍手、拍照、拍子,缺,本地识字表文件(部编版)
489,跑,pao,一下,1,下,跑步、长跑、跑道,缺,本地识字表文件(部编版)
490,踢,ti,一下,1,下,踢腿、踢皮球、踢足球,缺,本地识字表文件(部编版)
491,铃,ling,一下,1,下,门铃、铃声、电铃,在,本地识字表文件(部编版)
492,热,re,一下,1,下,热水、热心、热天,缺,本地识字表文件(部编版)
493,闹,nao,一下,1,下,热闹、打闹、闹市,缺,本地识字表文件(部编版)
494,锻,duan,一下,1,下,锻炼、锻造、锻打,缺,本地识字表文件(部编版)
495,炼,lian,一下,1,下,提炼、炼铁、修炼,缺,本地识字表文件(部编版)
496,体,ti,一下,1,下,身体、体育、体会,缺,本地识字表文件(部编版)
497,之,zhi,一下,1,下,之后、之上、之中,缺,本地识字表文件(部编版)
498,初,chu,一下,1,下,初一、初中、初心,缺,本地识字表文件(部编版)
499,性,xing,一下,1,下,性子、天性、生性,在,本地识字表文件(部编版)
500,善,shan,一下,1,下,善心、行善、善事,缺,本地识字表文件(部编版)
501,习,xi,一下,1,下,学习、习惯、自习,缺,本地识字表文件(部编版)
502,教,jiao,一下,1,下,教学、家教、教子,缺,本地识字表文件(部编版)
503,贵,gui,一下,1,下,贵重、高贵、名贵,缺,本地识字表文件(部编版)
504,专,zhuan,一下,1,下,专心、专家、专一,缺,本地识字表文件(部编版)
505,幼,you,一下,1,下,幼儿、年幼、幼小,缺,本地识字表文件(部编版)
506,玉,yu,一下,1,下,玉米、白玉、玉石,缺,本地识字表文件(部编版)
507,器,qi,一下,1,下,机器、电器、石器,缺,本地识字表文件(部编版)
508,知,zhi,一下,1,下,知道、知心、通知,缺,本地识字表文件(部编版)
509,义,yi,一下,1,下,义气、大义、义学,缺,本地识字表文件(部编版)
510,饭,fan,一下,1,下,吃饭、开饭、米饭,缺,本地识字表文件(部编版)
511,饱,bao,一下,1,下,吃饱、饱满、温饱,缺,本地识字表文件(部编版)
512,茶,cha,一下,1,下,茶水、红茶、茶花,缺,本地识字表文件(部编版)
513,泡,pao,一下,1,下,泡泡、气泡、泡面,缺,本地识字表文件(部编版)
514,轻,qing,一下,1,下,年轻、轻风、轻重,缺,本地识字表文件(部编版)
515,鞭,bian,一下,1,下,鞭子、教鞭、鞭打,缺,本地识字表文件(部编版)
516,炮,pao,一下,1,下,花炮、大炮、开炮,缺,本地识字表文件(部编版)
517,首,shou,一下,1,下,首都、首先、首长,缺,本地识字表文件(部编版)
518,踪,zong,一下,1,下,失踪、踪影、追踪,缺,本地识字表文件(部编版)
519,迹,ji,一下,1,下,事迹、字迹、奇迹,缺,本地识字表文件(部编版)
520,浮,fu,一下,1,下,浮力、浮上、浮动,缺,本地识字表文件(部编版)
521,萍,ping,一下,1,下,浮萍、萍水相逢、萍蓬草,缺,本地识字表文件(部编版)
522,泉,quan,一下,1,下,泉水、泉眼、清泉,缺,本地识字表文件(部编版)
523,爱,ai,一下,1,下,爱心、爱国、心爱,缺,本地识字表文件(部编版)
524,柔,rou,一下,1,下,温柔、柔软、柔和,缺,本地识字表文件(部编版)
525,荷,he,一下,1,下,荷花、荷叶、荷包,在,本地识字表文件(部编版)
526,露,lu,一下,1,下,露水、露出、露天,在,本地识字表文件(部编版)
527,角,jiao,一下,1,下,牛角、海角、一角,在,本地识字表文件(部编版)
528,珠,zhu,一下,1,下,水珠、眼珠、珠子,缺,本地识字表文件(部编版)
529,摇,yao,一下,1,下,摇头、摇动、动摇,缺,本地识字表文件(部编版)
530,躺,tang,一下,1,下,躺下、躺椅、躺倒,缺,本地识字表文件(部编版)
531,晶,jing,一下,1,下,水晶、结晶、晶光,缺,本地识字表文件(部编版)
532,停,ting,一下,1,下,停车、停下、停电,缺,本地识字表文件(部编版)
533,机,ji,一下,1,下,手机、生机、动机,缺,本地识字表文件(部编版)
534,展,zhan,一下,1,下,展开、发展、花展,缺,本地识字表文件(部编版)
535,透,tou,一下,1,下,透明、透气、透光,在,本地识字表文件(部编版)
536,翅,chi,一下,1,下,翅膀、展翅、鸡翅,缺,本地识字表文件(部编版)
537,膀,bang,一下,1,下,翅膀、肩膀、臂膀,缺,本地识字表文件(部编版)
538,唱,chang,一下,1,下,唱歌、合唱、唱法,缺,本地识字表文件(部编版)
539,朵,duo,一下,1,下,花朵、云朵、耳朵,缺,本地识字表文件(部编版)
540,腰,yao,一下,1,下,山腰、腰包、腰板,缺,本地识字表文件(部编版)
541,坡,po,一下,1,下,山坡、上坡、下坡,缺,本地识字表文件(部编版)
542,沉,chen,一下,1,下,沉思、沉重、下沉,缺,本地识字表文件(部编版)
543,伸,shen,一下,1,下,伸手、伸展、伸长,缺,本地识字表文件(部编版)
544,潮,chao,一下,1,下,潮水、海潮、高潮,缺,本地识字表文件(部编版)
545,湿,shi,一下,1,下,湿地、湿衣、湿气,缺,本地识字表文件(部编版)
546,呢,ne,一下,1,下,呢子、呢喃、花呢,在,本地识字表文件(部编版)
547,闷,men,一下,1,下,闷热、解闷、纳闷,缺,本地识字表文件(部编版)
548,消,xiao,一下,1,下,消气、消化、消失,缺,本地识字表文件(部编版)
549,息,xi,一下,1,下,休息、气息、出息,缺,本地识字表文件(部编版)
550,搬,ban,一下,1,下,搬家、搬运、搬走,缺,本地识字表文件(部编版)
551,响,xiang,一下,1,下,响亮、音响、交响,缺,本地识字表文件(部编版)
552,棍,gun,一下,1,下,棍子、木棍、冰棍,缺,本地识字表文件(部编版)
553,汤,tang,一下,1,下,汤面、清汤、喝汤,缺,本地识字表文件(部编版)
554,扇,shan,一下,1,下,扇子、风扇、扇风,缺,本地识字表文件(部编版)
555,椅,yi,一下,1,下,椅子、长椅、轮椅、座椅,缺,本地识字表文件(部编版)
556,萤,ying,一下,1,下,萤火虫、萤火、流萤,缺,本地识字表文件(部编版)
557,牵,qian,一下,1,下,牵手、牵牛、牵动,缺,本地识字表文件(部编版)
558,织,zhi,一下,1,下,织布、织女、织物,缺,本地识字表文件(部编版)
559,斗,dou,一下,1,下,打斗、斗气、北斗星,在,本地识字表文件(部编版)
560,具,ju,一下,1,下,文具、面具、具有,缺,本地识字表文件(部编版)
561,次,ci,一下,1,下,一次、上次、每次,缺,本地识字表文件(部编版)
562,丢,diu,一下,1,下,丢失、丢脸、走丢,缺,本地识字表文件(部编版)
563,哪,na,一下,1,下,哪里、哪儿、哪些、哪怕,缺,本地识字表文件(部编版)
564,新,xin,一下,1,下,新生、新手、新年,缺,本地识字表文件(部编版)
565,每,mei,一下,1,下,每天、每人、每年,缺,本地识字表文件(部编版)
566,平,ping,一下,1,下,水平、平地、天平,缺,本地识字表文件(部编版)
567,她,ta,一下,1,下,她们、她俩、她的、她家,缺,本地识字表文件(部编版)
568,些,xie,一下,1,下,一些、这些、那些,缺,本地识字表文件(部编版)
569,仔,zai,一下,1,下,仔细、牛仔、仔鸡、仔猪,缺,本地识字表文件(部编版)
570,所,suo,一下,1,下,所有、场所、所长,缺,本地识字表文件(部编版)
571,伙,huo,一下,1,下,家伙、大伙、小伙,缺,本地识字表文件(部编版)
572,伴,ban,一下,1,下,同伴、老伴、相伴,缺,本地识字表文件(部编版)
573,钟,zhong,一下,1,下,时钟、分钟、钟头,缺,本地识字表文件(部编版)
574,丁,ding,一下,1,下,布丁、肉丁、人丁,在,本地识字表文件(部编版)
575,元,yuan,一下,1,下,一元、元气、公元,缺,本地识字表文件(部编版)
576,迟,chi,一下,1,下,迟到、推迟、延迟,缺,本地识字表文件(部编版)
577,洗,xi,一下,1,下,洗手、洗头、洗车,缺,本地识字表文件(部编版)
578,背,bei,一下,1,下,背心、手背、马背,在,本地识字表文件(部编版)
579,刚,gang,一下,1,下,刚好、金刚、刚正,缺,本地识字表文件(部编版)
580,共,gong,一下,1,下,一共、公共、共有,缺,本地识字表文件(部编版)
581,汽,qi,一下,1,下,汽车、汽水、汽油、水汽,缺,本地识字表文件(部编版)
582,决,jue,一下,1,下,决心、决定、坚决,缺,本地识字表文件(部编版)
583,定,ding,一下,1,下,一定、安定、定金,缺,本地识字表文件(部编版)
584,已,yi,一下,1,下,已经、早已、而已,缺,本地识字表文件(部编版)
585,经,jing,一下,1,下,一经、经文、经过,缺,本地识字表文件(部编版)
586,物,wu,一下,1,下,动物、生物、礼物,缺,本地识字表文件(部编版)
587,虎,hu,一下,1,下,老虎、马虎、虎口,缺,本地识字表文件(部编版)
588,熊,xiong,一下,1,下,熊猫、狗熊、黑熊,缺,本地识字表文件(部编版)
589,通,tong,一下,1,下,通过、通红、通气,在,本地识字表文件(部编版)
590,注,zhu,一下,1,下,注意、注重、关注,缺,本地识字表文件(部编版)
591,意,yi,一下,1,下,心意、大意、生意,缺,本地识字表文件(部编版)
592,遍,bian,一下,1,下,一遍、遍地、普遍,缺,本地识字表文件(部编版)
593,百,bai,一下,1,下,百花、百姓、一百,缺,本地识字表文件(部编版)
594,舌,she,一下,1,下,舌头、口舌、舌战,缺,本地识字表文件(部编版)
595,鬼,gui,一下,1,下,小鬼、鬼火、鬼脸,在,本地识字表文件(部编版)
596,脸,lian,一下,1,下,脸面、打脸、长脸,缺,本地识字表文件(部编版)
597,准,zhun,一下,1,下,准时、水准、准许,缺,本地识字表文件(部编版)
598,第,di,一下,1,下,第一、第二、第五,缺,本地识字表文件(部编版)
599,猴,hou,一下,1,下,猴子、猴王、猴年,缺,本地识字表文件(部编版)
600,结,jie,一下,1,下,小结、打结、结出,缺,本地识字表文件(部编版)
601,掰,bai,一下,1,下,掰开、掰玉米、掰扯,缺,本地识字表文件(部编版)
602,扛,kang,一下,1,下,肩扛、扛起、扛活,缺,本地识字表文件(部编版)
603,满,man,一下,1,下,满天、满分、满面,缺,本地识字表文件(部编版)
604,扔,reng,一下,1,下,扔下、乱扔、扔掉、扔球,缺,本地识字表文件(部编版)
605,摘,zhai,一下,1,下,摘取、摘下、摘金,缺,本地识字表文件(部编版)
606,捧,peng,一下,1,下,捧场、捧花、捧腹,在,本地识字表文件(部编版)
607,抱,bao,一下,1,下,抱头、环抱、抱团,在,本地识字表文件(部编版)
608,蹦,beng,一下,1,下,蹦跳、蹦床、蹦高,缺,本地识字表文件(部编版)
609,追,zhui,一下,1,下,追上、追回、追星,缺,本地识字表文件(部编版)
610,吵,chao,一下,1,下,吵架、吵闹、吵醒、吵嘴,缺,本地识字表文件(部编版)
611,胖,pang,一下,1,下,胖子、肥胖、长胖,在,本地识字表文件(部编版)
612,岁,sui,一下,1,下,岁数、岁月、万岁,缺,本地识字表文件(部编版)
613,现,xian,一下,1,下,发现、出现、现在,缺,本地识字表文件(部编版)
614,票,piao,一下,1,下,车票、门票、机票,缺,本地识字表文件(部编版)
615,交,jiao,一下,1,下,交手、交心、上交,缺,本地识字表文件(部编版)
616,弓,gong,一下,1,下,弹弓、开弓、长弓,缺,本地识字表文件(部编版)
617,甘,gan,一下,1,下,甘心、不甘、甘草,缺,本地识字表文件(部编版)
618,棉,mian,一下,1,下,棉花、棉线、棉布、棉袄,缺,本地识字表文件(部编版)
619,娘,niang,一下,1,下,新娘、大娘、姑娘,缺,本地识字表文件(部编版)
620,治,zhi,一下,1,下,治国、治安、治病,缺,本地识字表文件(部编版)
621,燕,yan,一下,1,下,燕子、家燕、海燕,在,本地识字表文件(部编版)
622,别,bie,一下,1,下,别人、分别、道别,缺,本地识字表文件(部编版)
623,干,gan,一下,1,下,干净、干杯、饼干,缺,本地识字表文件(部编版)
624,然,ran,一下,1,下,然后、自然、不然,缺,本地识字表文件(部编版)
625,奇,qi,一下,1,下,新奇、奇特、好奇,缺,本地识字表文件(部编版)
626,颗,ke,一下,1,下,颗粒、一颗、颗粒归仓,缺,本地识字表文件(部编版)
627,瓢,piao,一下,1,下,瓢虫、水瓢、锅碗瓢盆,缺,本地识字表文件(部编版)
628,碧,bi,一下,1,下,碧空、碧绿、碧蓝,缺,本地识字表文件(部编版)
629,吐,tu,一下,1,下,吐气、吐丝、吐字,缺,本地识字表文件(部编版)
630,啦,la,一下,1,下,哗啦、呼啦圈、啦啦队,在,本地识字表文件(部编版)
631,咕,gu,一下,1,下,咕噜、咕咚、咕哝、咕唧,缺,本地识字表文件(部编版)
632,咚,dong,一下,1,下,咕咚、叮咚、咚咚、黑咕隆咚,缺,本地识字表文件(部编版)
633,熟,shu,一下,1,下,熟人、面熟、成熟,缺,本地识字表文件(部编版)
634,掉,diao,一下,1,下,掉下、掉色、掉线,缺,本地识字表文件(部编版)
635,吓,xia,一下,1,下,吓人、吓跑、惊吓,缺,本地识字表文件(部编版)
636,鹿,lu,一下,1,下,小鹿、鹿角、梅花鹿,在,本地识字表文件(部编版)
637,逃,tao,一下,1,下,逃走、逃生、逃离,缺,本地识字表文件(部编版)
638,命,ming,一下,1,下,生命、性命、救命,缺,本地识字表文件(部编版)
639,象,xiang,一下,1,下,大象、气象、天象,缺,本地识字表文件(部编版)
640,野,ye,一下,1,下,野花、野马、野生,缺,本地识字表文件(部编版)
641,拦,lan,一下,1,下,拦住、拦路、阻拦,缺,本地识字表文件(部编版)
642,领,ling,一下,1,下,领子、领头、白领,缺,本地识字表文件(部编版)
643,壁,bi,一下,1,下,壁报、影壁、壁立,缺,本地识字表文件(部编版)
644,借,jie,一下,1,下,借口、借出、借光,在,本地识字表文件(部编版)
645,墙,qiang,一下,1,下,城墙、墙角、墙面,缺,本地识字表文件(部编版)
646,蚊,wen,一下,1,下,蚊子、蚊香、蚊帐,缺,本地识字表文件(部编版)
647,咬,yao,一下,1,下,咬牙、咬字、咬伤,缺,本地识字表文件(部编版)
648,断,duan,一下,1,下,不断、断电、打断,缺,本地识字表文件(部编版)
649,您,nin,一下,1,下,您好、您早、您们、您老,缺,本地识字表文件(部编版)
650,拨,bo,一下,1,下,拨动、拨开、拨打,缺,本地识字表文件(部编版)
651,甩,shuai,一下,1,下,甩手、甩动、甩开、甩干,缺,本地识字表文件(部编版)
652,赶,gan,一下,1,下,赶海、赶上、赶集,缺,本地识字表文件(部编版)
653,房,fang,一下,1,下,房子、花房、心房,缺,本地识字表文件(部编版)
654,傻,sha,一下,1,下,傻子、傻笑、装傻,缺,本地识字表文件(部编版)
655,转,zhuan,一下,1,下,转头、转学、转机,缺,本地识字表文件(部编版)
656,刷,shua,一下,1,下,刷子、刷卡、刷新,缺,本地识字表文件(部编版)
657,梳,shu,一下,1,下,梳子、梳头、梳理,缺,本地识字表文件(部编版)
658,巾,jin,一下,1,下,毛巾、纸巾、领巾,缺,本地识字表文件(部编版)
659,擦,ca,一下,1,下,擦干、擦洗、擦伤,缺,本地识字表文件(部编版)
660,皂,zao,一下,1,下,肥皂、香皂、皂角,在,本地识字表文件(部编版)
661,澡,zao,一下,1,下,洗澡、澡盆、澡堂,缺,本地识字表文件(部编版)
662,盆,pen,一下,1,下,盆子、花盆、水盆,缺,本地识字表文件(部编版)
663,塘,tang,二上,2,上,水塘、鱼塘、荷塘、池塘,在,本地识字表文件(部编版)
664,脑,nao,二上,2,上,脑子、大脑、电脑,缺,本地识字表文件(部编版)
665,袋,dai,二上,2,上,袋子、口袋、布袋,缺,本地识字表文件(部编版)
666,灰,hui,二上,2,上,灰心、灰色、石灰,缺,本地识字表文件(部编版)
667,哇,wa,二上,2,上,哇塞、哇哇、好哇,在,本地识字表文件(部编版)
668,捕,bu,二上,2,上,捕鱼、追捕、捕鼠,缺,本地识字表文件(部编版)
669,迎,ying,二上,2,上,迎面、迎风、迎来,缺,本地识字表文件(部编版)
670,阿,a,二上,2,上,阿公、阿拉、阿姨,在,本地识字表文件(部编版)
671,姨,yi,二上,2,上,阿姨、大姨、小姨、姨父,缺,本地识字表文件(部编版)
672,龟,gui,二上,2,上,海龟、乌龟、龟甲,在,本地识字表文件(部编版)
673,顶,ding,二上,2,上,山顶、头顶、平顶,缺,本地识字表文件(部编版)
674,披,pi,二上,2,上,披风、披红、雨披,缺,本地识字表文件(部编版)
675,鼓,gu,二上,2,上,大鼓、小鼓、打鼓,缺,本地识字表文件(部编版)
676,晒,shai,二上,2,上,晒干、防晒、晒黑,缺,本地识字表文件(部编版)
677,极,ji,二上,2,上,极大、极小、南极,缺,本地识字表文件(部编版)
678,傍,bang,二上,2,上,傍晚、依傍、傍午,缺,本地识字表文件(部编版)
679,越,yue,二上,2,上,越过、越发、翻越,在,本地识字表文件(部编版)
680,滴,di,二上,2,上,水滴、滴水、点滴,缺,本地识字表文件(部编版)
681,溪,xi,二上,2,上,小溪、溪流、溪水,在,本地识字表文件(部编版)
682,奔,ben,二上,2,上,奔流、奔放、奔马,缺,本地识字表文件(部编版)
683,洋,yang,二上,2,上,海洋、洋气、大洋,缺,本地识字表文件(部编版)
684,坏,huai,二上,2,上,坏人、坏事、学坏,缺,本地识字表文件(部编版)
685,淹,yan,二上,2,上,淹水、淹死、淹没,缺,本地识字表文件(部编版)
686,冲,chong,二上,2,上,冲出、冲动、冲天,在,本地识字表文件(部编版)
687,毁,hui,二上,2,上,烧毁、销毁、毁掉,缺,本地识字表文件(部编版)
688,屋,wu,二上,2,上,屋子、小屋、草屋,缺,本地识字表文件(部编版)
689,灾,zai,二上,2,上,水灾、火灾、灾区,缺,本地识字表文件(部编版)
690,猜,cai,二上,2,上,猜想、猜测、猜中,缺,本地识字表文件(部编版)
691,植,zhi,二上,2,上,植物、植树、植入,缺,本地识字表文件(部编版)
692,为,wei,二上,2,上,人为、为人、行为,缺,本地识字表文件(部编版)
693,旅,lv,二上,2,上,旅行、旅游、旅人,缺,本地识字表文件(部编版)
694,备,bei,二上,2,上,备用、自备、备战,缺,本地识字表文件(部编版)
695,纷,fen,二上,2,上,纷飞、纷乱、纷纷,缺,本地识字表文件(部编版)
696,刺,ci,二上,2,上,刺眼、鱼刺、刺字,缺,本地识字表文件(部编版)
697,底,di,二上,2,上,心底、海底、底子,缺,本地识字表文件(部编版)
698,啪,pa,二上,2,上,噼啪、劈里啪啦、啪哒、啪嚓,在,本地识字表文件(部编版)
699,炸,zha,二上,2,上,油炸、炸鸡、炸弹,缺,本地识字表文件(部编版)
700,离,li,二上,2,上,离开、分离、离心,缺,本地识字表文件(部编版)
701,识,shi,二上,2,上,识字、学识、相识,缺,本地识字表文件(部编版)
702,粗,cu,二上,2,上,粗心、粗大、粗体,缺,本地识字表文件(部编版)
703,却,que,二上,2,上,退却、冷却、却是,缺,本地识字表文件(部编版)
704,套,tao,二上,2,上,手套、一套、套头,缺,本地识字表文件(部编版)
705,帽,mao,二上,2,上,帽子、草帽、礼帽,缺,本地识字表文件(部编版)
706,登,deng,二上,2,上,登山、登上、登机,缺,本地识字表文件(部编版)
707,鞋,xie,二上,2,上,鞋子、布鞋、球鞋,缺,本地识字表文件(部编版)
708,裤,ku,二上,2,上,裤子、长裤、内裤,缺,本地识字表文件(部编版)
709,图,tu,二上,2,上,地图、图画、图书,缺,本地识字表文件(部编版)
710,壶,hu,二上,2,上,水壶、茶壶、酒壶,缺,本地识字表文件(部编版)
711,帐,zhang,二上,2,上,帐子、帐篷、蚊帐,缺,本地识字表文件(部编版)
712,篷,peng,二上,2,上,帐篷、斗篷、船篷,缺,本地识字表文件(部编版)
713,指,zhi,二上,2,上,指头、手指、指出,缺,本地识字表文件(部编版)
714,针,zhen,二上,2,上,时针、打针、针线,缺,本地识字表文件(部编版)
715,帆,fan,二上,2,上,风帆、帆布、帆船,缺,本地识字表文件(部编版)
716,艘,sou,二上,2,上,一艘、艘次、三艘、几艘,缺,本地识字表文件(部编版)
717,军,jun,二上,2,上,军人、海军、行军,缺,本地识字表文件(部编版)
718,舰,jian,二上,2,上,军舰、战舰、舰长、舰队,缺,本地识字表文件(部编版)
719,稻,dao,二上,2,上,水稻、稻田、稻子、稻谷,缺,本地识字表文件(部编版)
720,园,yuan,二上,2,上,花园、公园、乐园,缺,本地识字表文件(部编版)
721,翠,cui,二上,2,上,翠鸟、翠绿、青翠,缺,本地识字表文件(部编版)
722,队,dui,二上,2,上,队长、大队、车队,缺,本地识字表文件(部编版)
723,铜,tong,二上,2,上,铜器、青铜、铜板,缺,本地识字表文件(部编版)
724,号,hao,二上,2,上,学号、小号、大号,缺,本地识字表文件(部编版)
725,梧,wu,二上,2,上,梧桐、魁梧、梧州市,缺,本地识字表文件(部编版)
726,桐,tong,二上,2,上,桐油、油桐、泡桐,缺,本地识字表文件(部编版)
727,掌,zhang,二上,2,上,手掌、掌心、巴掌,缺,本地识字表文件(部编版)
728,枫,feng,二上,2,上,枫树、枫叶、枫糖,缺,本地识字表文件(部编版)
729,松,song,二上,2,上,松手、松开、松子,缺,本地识字表文件(部编版)
730,柏,bai,二上,2,上,柏树、松柏、柏油,缺,本地识字表文件(部编版)
731,装,zhuang,二上,2,上,化装、安装、行装,缺,本地识字表文件(部编版)
732,桦,hua,二上,2,上,桦树、桦木、白桦、黑桦,缺,本地识字表文件(部编版)
733,耐,nai,二上,2,上,耐心、耐用、能耐,缺,本地识字表文件(部编版)
734,守,shou,二上,2,上,守门、守时、守法,在,本地识字表文件(部编版)
735,疆,jiang,二上,2,上,新疆、南疆、北疆,缺,本地识字表文件(部编版)
736,银,yin,二上,2,上,银行、银子、金银,缺,本地识字表文件(部编版)
737,杉,shan,二上,2,上,水杉、云杉、杉木、铁杉,缺,本地识字表文件(部编版)
738,化,hua,二上,2,上,化学、化开、变化,缺,本地识字表文件(部编版)
739,桂,gui,二上,2,上,桂花、桂皮、桂林,缺,本地识字表文件(部编版)
740,世,shi,二上,2,上,世上、一世、世面,缺,本地识字表文件(部编版)
741,界,jie,二上,2,上,世界、边界、国界,缺,本地识字表文件(部编版)
742,孔,kong,二上,2,上,孔子、面孔、气孔,缺,本地识字表文件(部编版)
743,雀,que,二上,2,上,麻雀、云雀、山雀,在,本地识字表文件(部编版)
744,锦,jin,二上,2,上,锦旗、锦标、集锦,缺,本地识字表文件(部编版)
745,雄,xiong,二上,2,上,雄心、雄风、雄性,缺,本地识字表文件(部编版)
746,鹰,ying,二上,2,上,老鹰、雄鹰、鱼鹰,缺,本地识字表文件(部编版)
747,翔,xiang,二上,2,上,飞翔、滑翔、翱翔,缺,本地识字表文件(部编版)
748,雁,yan,二上,2,上,大雁、灰雁、豆雁,缺,本地识字表文件(部编版)
749,丛,cong,二上,2,上,草丛、花丛、丛林,缺,本地识字表文件(部编版)
750,深,shen,二上,2,上,水深、深山、深海,缺,本地识字表文件(部编版)
751,猛,meng,二上,2,上,猛然、猛进、猛力,在,本地识字表文件(部编版)
752,灵,ling,二上,2,上,心灵、机灵、灵性,缺,本地识字表文件(部编版)
753,休,xiu,二上,2,上,不休、休学、休战,缺,本地识字表文件(部编版)
754,季,ji,二上,2,上,花季、季风、反季,缺,本地识字表文件(部编版)
755,蝴,hu,二上,2,上,蝴蝶、蝴蝶兰、蝴蝶结、蝴蝶花,缺,本地识字表文件(部编版)
756,蝶,die,二上,2,上,蝴蝶、粉蝶、蝶泳,缺,本地识字表文件(部编版)
757,麦,mai,二上,2,上,麦子、小麦、大麦,缺,本地识字表文件(部编版)
758,苗,miao,二上,2,上,火苗、鱼苗、出苗,缺,本地识字表文件(部编版)
759,桑,sang,二上,2,上,桑树、桑果、桑叶,缺,本地识字表文件(部编版)
760,肥,fei,二上,2,上,肥大、化肥、肥力,缺,本地识字表文件(部编版)
761,农,nong,二上,2,上,农人、农家、花农,缺,本地识字表文件(部编版)
762,归,gui,二上,2,上,归心、归国、海归,缺,本地识字表文件(部编版)
763,戴,dai,二上,2,上,戴上、爱戴、戴表,缺,本地识字表文件(部编版)
764,谷,gu,二上,2,上,谷子、山谷、谷物,缺,本地识字表文件(部编版)
765,粒,li,二上,2,上,米粒、沙粒、果粒,缺,本地识字表文件(部编版)
766,虽,sui,二上,2,上,虽然、虽说、虽败犹荣,在,本地识字表文件(部编版)
767,辛,xin,二上,2,上,辛苦、辛酸、五辛,缺,本地识字表文件(部编版)
768,苦,ku,二上,2,上,苦水、苦口、苦力,缺,本地识字表文件(部编版)
769,葡,pu,二上,2,上,葡萄、葡萄酒、葡萄干、葡式,缺,本地识字表文件(部编版)
770,萄,tao,二上,2,上,葡萄、葡萄干、葡萄酒、酸葡萄,缺,本地识字表文件(部编版)
771,紫,zi,二上,2,上,紫色、紫菜、紫米,缺,本地识字表文件(部编版)
772,狐,hu,二上,2,上,赤狐、狐疑、白狐,在,本地识字表文件(部编版)
773,狸,li,二上,2,上,狸猫、狐狸、狸花猫,在,本地识字表文件(部编版)
774,笨,ben,二上,2,上,笨重、笨蛋、嘴笨,缺,本地识字表文件(部编版)
775,酸,suan,二上,2,上,酸菜、心酸、酸性,缺,本地识字表文件(部编版)
776,曹,cao,二上,2,上,曹操、曹冲、曹魏,缺,本地识字表文件(部编版)
777,称,cheng,二上,2,上,称心、自称、称道,缺,本地识字表文件(部编版)
778,员,yuan,二上,2,上,人员、学员、会员,缺,本地识字表文件(部编版)
779,根,gen,二上,2,上,生根、根性、气根,缺,本地识字表文件(部编版)
780,柱,zhu,二上,2,上,柱子、石柱、水柱,缺,本地识字表文件(部编版)
781,议,yi,二上,2,上,会议、议事、议长,缺,本地识字表文件(部编版)
782,论,lun,二上,2,上,不论、无论、论语,缺,本地识字表文件(部编版)
783,重,zhong,二上,2,上,重大、重心、头重,缺,本地识字表文件(部编版)
784,杆,gan,二上,2,上,杆子、球杆、电杆、木杆,缺,本地识字表文件(部编版)
785,秤,cheng,二上,2,上,台秤、盘秤、过秤,缺,本地识字表文件(部编版)
786,砍,kan,二上,2,上,砍树、砍价、砍柴,缺,本地识字表文件(部编版)
787,线,xian,二上,2,上,一线、天线、白线,缺,本地识字表文件(部编版)
788,止,zhi,二上,2,上,停止、不止、防止,在,本地识字表文件(部编版)
789,量,liang,二上,2,上,大量、水量、气量,缺,本地识字表文件(部编版)
790,玲,ling,二上,2,上,玲玲、玲珑、玎玲,缺,本地识字表文件(部编版)
791,详,xiang,二上,2,上,安详、详情、详解,缺,本地识字表文件(部编版)
792,幅,fu,二上,2,上,大幅、横幅、条幅,缺,本地识字表文件(部编版)
793,评,ping,二上,2,上,评分、评语、点评,缺,本地识字表文件(部编版)
794,奖,jiang,二上,2,上,奖品、奖金、得奖,缺,本地识字表文件(部编版)
795,催,cui,二上,2,上,催促、催生、催化,缺,本地识字表文件(部编版)
796,脏,zang,二上,2,上,脏水、脏话、脏字,缺,本地识字表文件(部编版)
797,伤,shang,二上,2,上,伤心、伤口、伤风,缺,本地识字表文件(部编版)
798,报,bao,二上,2,上,海报、报国、小报,缺,本地识字表文件(部编版)
799,另,ling,二上,2,上,另外、另类、另加,缺,本地识字表文件(部编版)
800,及,ji,二上,2,上,及时、及格、以及,缺,本地识字表文件(部编版)
801,懒,lan,二上,2,上,懒虫、树懒、懒散,缺,本地识字表文件(部编版)
802,并,bing,二上,2,上,合并、一并、并行,缺,本地识字表文件(部编版)
803,糟,zao,二上,2,上,糟糕、糟心、糟了,缺,本地识字表文件(部编版)
804,肯,ken,二上,2,上,肯定、中肯、宁肯,缺,本地识字表文件(部编版)
805,封,feng,二上,2,上,封面、封口、开封,缺,本地识字表文件(部编版)
806,削,xue,二上,2,上,削发、削球、削尖,在,本地识字表文件(部编版)
807,锅,guo,二上,2,上,火锅、锅巴、锅台,缺,本地识字表文件(部编版)
808,始,shi,二上,2,上,开始、原始、始发,缺,本地识字表文件(部编版)
809,刮,gua,二上,2,上,刮风、刮脸、刮伤,缺,本地识字表文件(部编版)
810,修,xiu,二上,2,上,修长、自修、修行,在,本地识字表文件(部编版)
811,冷,leng,二上,2,上,冷水、冷天、冷气,缺,本地识字表文件(部编版)
812,肩,jian,二上,2,上,肩头、肩部、肩章,缺,本地识字表文件(部编版)
813,团,tuan,二上,2,上,团体、面团、团长,缺,本地识字表文件(部编版)
814,接,jie,二上,2,上,接人、接生、接机,在,本地识字表文件(部编版)
815,完,wan,二上,2,上,完成、完美、完全,缺,本地识字表文件(部编版)
816,希,xi,二上,2,上,希望、希奇、几希,在,本地识字表文件(部编版)
817,束,shu,二上,2,上,花束、光束、结束,缺,本地识字表文件(部编版)
818,鲜,xian,二上,2,上,鲜花、新鲜、鲜红,缺,本地识字表文件(部编版)
819,哄,hong,二上,2,上,哄笑、哄骗、起哄,在,本地识字表文件(部编版)
820,梦,meng,二上,2,上,梦见、梦话、梦中,缺,本地识字表文件(部编版)
821,闭,bi,二上,2,上,闭眼、闭门、闭嘴,缺,本地识字表文件(部编版)
822,紧,jin,二上,2,上,拉紧、加紧、关紧,缺,本地识字表文件(部编版)
823,润,run,二上,2,上,红润、利润、湿润,在,本地识字表文件(部编版)
824,等,deng,二上,2,上,平等、中等、头等,缺,本地识字表文件(部编版)
825,累,lei,二上,2,上,心累、受累、连累,缺,本地识字表文件(部编版)
826,吸,xi,二上,2,上,吸气、吸水、吸力,缺,本地识字表文件(部编版)
827,发,fa,二上,2,上,发生、发动、白发,缺,本地识字表文件(部编版)
828,粘,zhan,二上,2,上,粘贴、粘性、粘接,在,本地识字表文件(部编版)
829,汗,han,二上,2,上,汗水、出汗、流汗,缺,本地识字表文件(部编版)
830,额,e,二上,2,上,额头、名额、定额,缺,本地识字表文件(部编版)
831,沙,sha,二上,2,上,沙子、沙发、白沙,缺,本地识字表文件(部编版)
832,乏,fa,二上,2,上,缺乏、疲乏、乏味,缺,本地识字表文件(部编版)
833,弹,dan,二上,2,上,弹力、弹性、子弹,在,本地识字表文件(部编版)
834,钢,gang,二上,2,上,钢铁、钢管、钢板,缺,本地识字表文件(部编版)
835,琴,qin,二上,2,上,口琴、古琴、风琴,缺,本地识字表文件(部编版)
836,练,lian,二上,2,上,练字、苦练、教练,在,本地识字表文件(部编版)
837,捏,nie,二上,2,上,捏碎、扭捏、拿捏,缺,本地识字表文件(部编版)
838,泥,ni,二上,2,上,泥人、泥巴、泥土,缺,本地识字表文件(部编版)
839,滚,gun,二上,2,上,滚动、打滚、滚落,缺,本地识字表文件(部编版)
840,铁,tie,二上,2,上,地铁、铁人、铁水,在,本地识字表文件(部编版)
841,环,huan,二上,2,上,花环、手环、铁环,缺,本地识字表文件(部编版)
842,荡,dang,二上,2,上,回荡、动荡、震荡,缺,本地识字表文件(部编版)
843,滑,hua,二上,2,上,滑行、滑动、花滑,缺,本地识字表文件(部编版)
844,梯,ti,二上,2,上,梯子、电梯、梯形,在,本地识字表文件(部编版)
845,依,yi,二上,2,上,依然、相依、依法,缺,本地识字表文件(部编版)
846,尽,jin,二上,2,上,尽力、尽心、尽头,缺,本地识字表文件(部编版)
847,欲,yu,二上,2,上,欲望、意欲、欲念,在,本地识字表文件(部编版)
848,穷,qiong,二上,2,上,无穷、穷国、词穷,缺,本地识字表文件(部编版)
849,层,ceng,二上,2,上,一层、上层、中层,缺,本地识字表文件(部编版)
850,瀑,pu,二上,2,上,瀑布、飞瀑、瀑流、水瀑,缺,本地识字表文件(部编版)
851,布,bu,二上,2,上,花布、白布、分布,缺,本地识字表文件(部编版)
852,炉,lu,二上,2,上,炉子、火炉、炉火,缺,本地识字表文件(部编版)
853,烟,yan,二上,2,上,烟花、烟气、烟雾,缺,本地识字表文件(部编版)
854,遥,yao,二上,2,上,遥远、遥望、遥想,缺,本地识字表文件(部编版)
855,闻,wen,二上,2,上,新闻、闻名、传闻,缺,本地识字表文件(部编版)
856,景,jing,二上,2,上,风景、景区、景物,缺,本地识字表文件(部编版)
857,区,qu,二上,2,上,小区、地区、区分,缺,本地识字表文件(部编版)
858,省,sheng,二上,2,上,省力、省事、省心,在,本地识字表文件(部编版)
859,部,bu,二上,2,上,部分、部长、中部,缺,本地识字表文件(部编版)
860,秀,xiu,二上,2,上,秀气、秀美、新秀,缺,本地识字表文件(部编版)
861,尤,you,二上,2,上,尤其、尤为、尤甚,缺,本地识字表文件(部编版)
862,其,qi,二上,2,上,其中、其实、其他,在,本地识字表文件(部编版)
863,仙,xian,二上,2,上,神仙、仙人、水仙,缺,本地识字表文件(部编版)
864,巨,ju,二上,2,上,巨大、巨人、巨石,缺,本地识字表文件(部编版)
865,位,wei,二上,2,上,位子、水位、座位,缺,本地识字表文件(部编版)
866,著,zhu,二上,2,上,著名、名著、著作,缺,本地识字表文件(部编版)
867,形,xing,二上,2,上,地形、有形、形体,在,本地识字表文件(部编版)
868,状,zhuang,二上,2,上,形状、线状、状语,在,本地识字表文件(部编版)
869,潭,tan,二上,2,上,水潭、深潭、潭水,缺,本地识字表文件(部编版)
870,湾,wan,二上,2,上,海湾、台湾、河湾,缺,本地识字表文件(部编版)
871,湖,hu,二上,2,上,西湖、湖水、南湖,缺,本地识字表文件(部编版)
872,绕,rao,二上,2,上,绕路、绕行、绕过,缺,本地识字表文件(部编版)
873,茂,mao,二上,2,上,茂密、茂盛、繁茂,缺,本地识字表文件(部编版)
874,盛,sheng,二上,2,上,盛大、盛开、盛会,缺,本地识字表文件(部编版)
875,围,wei,二上,2,上,包围、围城、外围,缺,本地识字表文件(部编版)
876,胜,sheng,二上,2,上,胜利、取胜、得胜,缺,本地识字表文件(部编版)
877,央,yang,二上,2,上,央求、中央、央视,缺,本地识字表文件(部编版)
878,岛,dao,二上,2,上,小岛、海岛、岛国,缺,本地识字表文件(部编版)
879,纱,sha,二上,2,上,纱布、纱线、纱门,缺,本地识字表文件(部编版)
880,童,tong,二上,2,上,儿童、童心、学童,缺,本地识字表文件(部编版)
881,境,jing,二上,2,上,心境、家境、境地,缺,本地识字表文件(部编版)
882,引,yin,二上,2,上,引力、引开、引水,缺,本地识字表文件(部编版)
883,客,ke,二上,2,上,客人、客气、客车,缺,本地识字表文件(部编版)
884,沟,gou,二上,2,上,水沟、沟通、代沟,缺,本地识字表文件(部编版)
885,产,chan,二上,2,上,生产、水产、产生,缺,本地识字表文件(部编版)
886,份,fen,二上,2,上,身份、年份、成份,缺,本地识字表文件(部编版)
887,枝,zhi,二上,2,上,树枝、枝条、花枝,缺,本地识字表文件(部编版)
888,搭,da,二上,2,上,搭车、搭话、搭理,缺,本地识字表文件(部编版)
889,淡,dan,二上,2,上,淡水、平淡、清淡,缺,本地识字表文件(部编版)
890,够,gou,二上,2,上,够用、足够、能够、不够,缺,本地识字表文件(部编版)
891,收,shou,二上,2,上,收工、收成、收心,缺,本地识字表文件(部编版)
892,市,shi,二上,2,上,市区、城市、上市,缺,本地识字表文件(部编版)
893,留,liu,二上,2,上,留心、留学、留神,缺,本地识字表文件(部编版)
894,钉,ding,二上,2,上,钉子、图钉、钉头,在,本地识字表文件(部编版)
895,利,li,二上,2,上,水利、利市、不利,缺,本地识字表文件(部编版)
896,味,wei,二上,2,上,气味、口味、风味,缺,本地识字表文件(部编版)
897,昌,chang,二上,2,上,南昌、西昌、昌平,缺,本地识字表文件(部编版)
898,铺,pu,二上,2,上,铺子、铺面、铺路,缺,本地识字表文件(部编版)
899,调,diao,二上,2,上,调动、调子、高调,在,本地识字表文件(部编版)
900,硬,ying,二上,2,上,硬气、生硬、硬性,缺,本地识字表文件(部编版)
901,卧,wo,二上,2,上,卧房、卧式、卧车,缺,本地识字表文件(部编版)
902,限,xian,二上,2,上,无限、有限、限时,缺,本地识字表文件(部编版)
903,乘,cheng,二上,2,上,乘车、乘法、乘风,在,本地识字表文件(部编版)
904,售,shou,二上,2,上,出售、售价、售票,缺,本地识字表文件(部编版)
905,沿,yan,二上,2,上,沿路、沿海、沿用,缺,本地识字表文件(部编版)
906,渴,ke,二上,2,上,口渴、渴望、解渴,缺,本地识字表文件(部编版)
907,话,hua,二上,2,上,电话、话语、白话,缺,本地识字表文件(部编版)
908,弄,nong,二上,2,上,弄清、里弄、弄通,缺,本地识字表文件(部编版)
909,错,cuo,二上,2,上,不错、出错、错开,缺,本地识字表文件(部编版)
910,际,ji,二上,2,上,天际、国际、交际,缺,本地识字表文件(部编版)
911,抬,tai,二上,2,上,抬头、抬起、抬举,在,本地识字表文件(部编版)
912,堵,du,二上,2,上,堵车、堵住、堵塞,缺,本地识字表文件(部编版)
913,缝,feng,二上,2,上,无缝、缝合、裂缝,缺,本地识字表文件(部编版)
914,当,dang,二上,2,上,当心、当天、当中,缺,本地识字表文件(部编版)
915,鹊,que,二上,2,上,喜鹊、鹊桥、灰喜鹊,缺,本地识字表文件(部编版)
916,朗,lang,二上,2,上,开朗、明朗、清朗,缺,本地识字表文件(部编版)
917,衔,xian,二上,2,上,衔接、头衔、领衔,缺,本地识字表文件(部编版)
918,枯,ku,二上,2,上,干枯、枯叶、枯木,缺,本地识字表文件(部编版)
919,劝,quan,二上,2,上,劝说、劝解、力劝,缺,本地识字表文件(部编版)
920,趁,chen,二上,2,上,趁机、趁早、趁热,缺,本地识字表文件(部编版)
921,将,jiang,二上,2,上,大将、小将、老将,在,本地识字表文件(部编版)
922,难,nan,二上,2,上,困难、难题、难免,缺,本地识字表文件(部编版)
923,且,qie,二上,2,上,而且、并且、况且,在,本地识字表文件(部编版)
924,狂,kuang,二上,2,上,狂风、狂笑、狂热,缺,本地识字表文件(部编版)
925,吼,hou,二上,2,上,吼声、怒吼、吼叫,缺,本地识字表文件(部编版)
926,复,fu,二上,2,上,复习、重复、复杂,缺,本地识字表文件(部编版)
927,哀,ai,二上,2,上,哀伤、哀思、悲哀,缺,本地识字表文件(部编版)
928,葫,hu,二上,2,上,葫芦、糖葫芦、西葫芦,在,本地识字表文件(部编版)
929,芦,lu,二上,2,上,芦苇、芦花、葫芦,在,本地识字表文件(部编版)
930,藤,teng,二上,2,上,藤条、藤球、葡萄藤,缺,本地识字表文件(部编版)
931,谢,xie,二上,2,上,谢谢、道谢、多谢,缺,本地识字表文件(部编版)
932,啊,a,二上,2,上,啊呀、啊哟、天啊、啊哈,在,本地识字表文件(部编版)
933,蚜,ya,二上,2,上,蚜虫、棉蚜、麦蚜、菜蚜,缺,本地识字表文件(部编版)
934,盯,ding,二上,2,上,盯住、紧盯、盯紧、盯着,缺,本地识字表文件(部编版)
935,赛,sai,二上,2,上,比赛、大赛、赛车,缺,本地识字表文件(部编版)
936,感,gan,二上,2,上,感动、感人、感谢,缺,本地识字表文件(部编版)
937,怪,guai,二上,2,上,怪物、怪事、奇怪,缺,本地识字表文件(部编版)
938,慢,man,二上,2,上,慢跑、慢车、慢慢,缺,本地识字表文件(部编版)
939,锋,feng,二上,2,上,锋利、前锋、中锋,缺,本地识字表文件(部编版)
940,蜜,mi,二上,2,上,蜂蜜、花蜜、蜜桃,在,本地识字表文件(部编版)
941,蜂,feng,二上,2,上,蜜蜂、马蜂、蜂王,在,本地识字表文件(部编版)
942,幕,mu,二上,2,上,开幕、字幕、幕布,缺,本地识字表文件(部编版)
943,扫,sao,二上,2,上,扫地、打扫、清扫,缺,本地识字表文件(部编版)
944,墓,mu,二上,2,上,扫墓、墓地、古墓,缺,本地识字表文件(部编版)
945,慕,mu,二上,2,上,羡慕、爱慕、慕名,缺,本地识字表文件(部编版)
946,抄,chao,二上,2,上,抄写、抄手、抄袭,缺,本地识字表文件(部编版)
947,炒,chao,二上,2,上,炒菜、炒面、炒米,缺,本地识字表文件(部编版)
948,楼,lou,二上,2,上,大楼、高楼、楼上,缺,本地识字表文件(部编版)
949,争,zheng,二上,2,上,争气、争光、争取,缺,本地识字表文件(部编版)
950,代,dai,二上,2,上,时代、代表、代数,在,本地识字表文件(部编版)
951,临,lin,二上,2,上,来临、面临、临行,在,本地识字表文件(部编版)
952,腊,la,二上,2,上,腊月、腊肠、腊梅,缺,本地识字表文件(部编版)
953,章,zhang,二上,2,上,文章、章鱼、乐章,缺,本地识字表文件(部编版)
954,握,wo,二上,2,上,握手、握住、把握,缺,本地识字表文件(部编版)
955,视,shi,二上,2,上,电视、视力、重视,缺,本地识字表文件(部编版)
956,察,cha,二上,2,上,观察、察看、视察,缺,本地识字表文件(部编版)
957,油,you,二上,2,上,加油、石油、机油,缺,本地识字表文件(部编版)
958,朱,zhu,二上,2,上,朱红、朱笔、朱雀,缺,本地识字表文件(部编版)
959,德,de,二上,2,上,德国、品德、德行,缺,本地识字表文件(部编版)
960,扁,bian,二上,2,上,扁豆、压扁、扁平,缺,本地识字表文件(部编版)
961,担,dan,二上,2,上,担心、担当、担任,在,本地识字表文件(部编版)
962,志,zhi,二上,2,上,志气、大志、日志,缺,本地识字表文件(部编版)
963,伍,wu,二上,2,上,队伍、入伍、退伍,缺,本地识字表文件(部编版)
964,泽,ze,二上,2,上,光泽、色泽、沼泽,缺,本地识字表文件(部编版)
965,敌,di,二上,2,上,敌人、无敌、天敌,缺,本地识字表文件(部编版)
966,据,ju,二上,2,上,根据、数据、单据,缺,本地识字表文件(部编版)
967,陡,dou,二上,2,上,陡峭、陡坡、陡崖,缺,本地识字表文件(部编版)
968,整,zheng,二上,2,上,整理、整天、整齐,缺,本地识字表文件(部编版)
969,仗,zhang,二上,2,上,雪仗、打仗、仗义,缺,本地识字表文件(部编版)
970,疼,teng,二上,2,上,疼爱、疼痛、心疼,缺,本地识字表文件(部编版)
971,料,liao,二上,2,上,面料、不料、材料,缺,本地识字表文件(部编版)
972,敬,jing,二上,2,上,敬爱、敬重、敬意,缺,本地识字表文件(部编版)
973,泼,po,二上,2,上,活泼、泼水、泼辣,缺,本地识字表文件(部编版)
974,族,zu,二上,2,上,民族、家族、白族,缺,本地识字表文件(部编版)
975,民,min,二上,2,上,人民、农民、市民,缺,本地识字表文件(部编版)
976,度,du,二上,2,上,长度、高度、大度,缺,本地识字表文件(部编版)
977,敲,qiao,二上,2,上,敲门、敲打、敲钟,缺,本地识字表文件(部编版)
978,龙,long,二上,2,上,小龙、龙头、恐龙,缺,本地识字表文件(部编版)
979,驶,shi,二上,2,上,驾驶、行驶、驶向,缺,本地识字表文件(部编版)
980,容,rong,二上,2,上,容易、面容、市容,缺,本地识字表文件(部编版)
981,踩,cai,二上,2,上,踩水、踩踏、踩空,缺,本地识字表文件(部编版)
982,碗,wan,二上,2,上,洗碗、饭碗、汤碗,在,本地识字表文件(部编版)
983,祝,zhu,二上,2,上,祝福、庆祝、祝寿,缺,本地识字表文件(部编版)
984,福,fu,二上,2,上,幸福、福气、有福,缺,本地识字表文件(部编版)
985,健,jian,二上,2,上,健康、健身、健美,缺,本地识字表文件(部编版)
986,康,kang,二上,2,上,健康、小康、安康,缺,本地识字表文件(部编版)
987,寿,shou,二上,2,上,长寿、大寿、寿面,在,本地识字表文件(部编版)
988,刘,liu,二上,2,上,刘海、刘备、刘邦,在,本地识字表文件(部编版)
989,兰,lan,二上,2,上,兰花、马兰、吊兰,在,本地识字表文件(部编版)
990,派,pai,二上,2,上,气派、学派、派出,缺,本地识字表文件(部编版)
991,由,you,二上,2,上,自由、理由、不由,缺,本地识字表文件(部编版)
992,被,bei,二上,2,上,被子、被单、被套,缺,本地识字表文件(部编版)
993,拉,la,二上,2,上,拉手、拉面、拉长,缺,本地识字表文件(部编版)
994,血,xue,二上,2,上,心血、流血、出血,在,本地识字表文件(部编版)
995,挺,ting,二上,2,上,挺好、挺直、挺立,缺,本地识字表文件(部编版)
996,杀,sha,二上,2,上,杀菌、杀虫、杀毒,在,本地识字表文件(部编版)
997,烈,lie,二上,2,上,热烈、烈日、烈火,在,本地识字表文件(部编版)
998,荣,rong,二上,2,上,光荣、荣誉、荣光,缺,本地识字表文件(部编版)
999,轿,jiao,二上,2,上,轿车、轿子、花轿、小轿车,缺,本地识字表文件(部编版)
1000,救,jiu,二上,2,上,救生、救火、得救,缺,本地识字表文件(部编版)
1001,摩,mo,二上,2,上,摩天、按摩、摩擦,缺,本地识字表文件(部编版)
1002,托,tuo,二上,2,上,花托、托付、重托,缺,本地识字表文件(部编版)
1003,防,fang,二上,2,上,防水、防风、国防,缺,本地识字表文件(部编版)
1004,渔,yu,二上,2,上,渔民、渔网、渔夫,缺,本地识字表文件(部编版)
1005,货,huo,二上,2,上,货车、货物、国货,在,本地识字表文件(部编版)
1006,轮,lun,二上,2,上,轮子、车轮、轮流,缺,本地识字表文件(部编版)
1007,科,ke,二上,2,上,科学、学科、文科,缺,本地识字表文件(部编版)
1008,考,kao,二上,2,上,考试、考生、考上,缺,本地识字表文件(部编版)
1009,宿,su,二上,2,上,住宿、宿舍、民宿,缺,本地识字表文件(部编版)
1010,寺,si,二上,2,上,寺庙、寺院、白马寺,缺,本地识字表文件(部编版)
1011,危,wei,二上,2,上,危险、危机、安危,缺,本地识字表文件(部编版)
1012,辰,chen,二上,2,上,星辰、时辰、生辰,缺,本地识字表文件(部编版)
1013,恐,kong,二上,2,上,恐龙、恐高、惊恐,缺,本地识字表文件(部编版)
1014,惊,jing,二上,2,上,惊喜、惊人、惊动,缺,本地识字表文件(部编版)
1015,似,shi,二上,2,上,相似、好似、神似,缺,本地识字表文件(部编版)
1016,庐,lu,二上,2,上,庐山、茅庐、穹庐,缺,本地识字表文件(部编版)
1017,笼,long,二上,2,上,灯笼、笼子、笼头,缺,本地识字表文件(部编版)
1018,盖,gai,二上,2,上,盖子、盖上、锅盖,缺,本地识字表文件(部编版)
1019,苍,cang,二上,2,上,苍白、苍老、苍耳,缺,本地识字表文件(部编版)
1020,茫,mang,二上,2,上,茫然、迷茫、茫茫,缺,本地识字表文件(部编版)
1021,雾,wu,二上,2,上,大雾、雾气、云雾,缺,本地识字表文件(部编版)
1022,淘,tao,二上,2,上,淘气、淘米、淘金,缺,本地识字表文件(部编版)
1023,于,yu,二上,2,上,大于、小于、高于,缺,本地识字表文件(部编版)
1024,暗,an,二上,2,上,黑暗、暗中、暗地,缺,本地识字表文件(部编版)
1025,岸,an,二上,2,上,海岸、河岸、对岸,缺,本地识字表文件(部编版)
1026,街,jie,二上,2,上,大街、街道、上街,缺,本地识字表文件(部编版)
1027,梁,liang,二上,2,上,桥梁、梁龙、大梁,缺,本地识字表文件(部编版)
1028,甚,shen,二上,2,上,甚至、甚是、甚为,缺,本地识字表文件(部编版)
1029,至,zhi,二上,2,上,至少、至多、至高,缺,本地识字表文件(部编版)
1030,切,qie,二上,2,上,一切、切面、切口,缺,本地识字表文件(部编版)
1031,躲,duo,二上,2,上,躲藏、躲雨、躲开,缺,本地识字表文件(部编版)
1032,失,shi,二上,2,上,失手、失学、迷失,缺,本地识字表文件(部编版)
1033,添,tian,二上,2,上,添加、增添、添乱,缺,本地识字表文件(部编版)
1034,柴,chai,二上,2,上,火柴、木柴、柴火,缺,本地识字表文件(部编版)
1035,烧,shao,二上,2,上,发烧、烧水、红烧,缺,本地识字表文件(部编版)
1036,旺,wang,二上,2,上,兴旺、旺盛、旺季,缺,本地识字表文件(部编版)
1037,渐,jian,二上,2,上,渐渐、渐变、渐进,缺,本地识字表文件(部编版)
1038,哎,ai,二上,2,上,哎呀、哎哟、哎呦、哎唷,在,本地识字表文件(部编版)
1039,呀,ya,二上,2,上,哎呀、啊呀、吱呀、咿呀学语,缺,本地识字表文件(部编版)
1040,冒,mao,二上,2,上,感冒、冒号、冒失,缺,本地识字表文件(部编版)
1041,呛,qiang,二上,2,上,呛到、够呛、咳呛、呛咕,缺,本地识字表文件(部编版)
1042,烫,tang,二上,2,上,滚烫、发烫、烫伤、烫金,缺,本地识字表文件(部编版)
1043,终,zhong,二上,2,上,终于、终点、终生,缺,本地识字表文件(部编版)
1044,浑,hun,二上,2,上,浑身、浑然、浑浊,缺,本地识字表文件(部编版)
1045,淋,lin,二上,2,上,淋雨、淋湿、淋浴,缺,本地识字表文件(部编版)
1046,灭,mie,二上,2,上,灭火、消灭、熄灭,缺,本地识字表文件(部编版)
1047,激,ji,二上,2,上,激动、激光、激流,缺,本地识字表文件(部编版)
1048,瞧,qiao,二上,2,上,瞧见、小瞧、瞧不起,缺,本地识字表文件(部编版)
1049,滩,tan,二上,2,上,沙滩、海滩、河滩,缺,本地识字表文件(部编版)
1050,椰,ye,二上,2,上,椰子、椰奶、椰林、椰果,缺,本地识字表文件(部编版)
1051,壳,ke,二上,2,上,蛋壳、贝壳、外壳,缺,本地识字表文件(部编版)
1052,漠,mo,二上,2,上,沙漠、大漠、漠河,缺,本地识字表文件(部编版)
1053,骆,luo,二上,2,上,骆驼、骆宾王、骆马,缺,本地识字表文件(部编版)
1054,驼,tuo,二上,2,上,骆驼、羊驼、驼峰,缺,本地识字表文件(部编版)
1055,骏,jun,二上,2,上,骏马、神骏、骏逸,缺,本地识字表文件(部编版)
1056,悬,xuan,二上,2,上,悬挂、悬念、悬浮,缺,本地识字表文件(部编版)
1057,崖,ya,二上,2,上,悬崖、山崖、断崖,缺,本地识字表文件(部编版)
1058,假,jia,二上,2,上,假山、假发、假人,在,本地识字表文件(部编版)
1059,威,wei,二上,2,上,威风、威力、威武,在,本地识字表文件(部编版)
1060,扯,che,二上,2,上,拉扯、扯住、扯平,在,本地识字表文件(部编版)
1061,嗓,sang,二上,2,上,嗓子、嗓门、嗓音,缺,本地识字表文件(部编版)
1062,兽,shou,二上,2,上,野兽、百兽、走兽,缺,本地识字表文件(部编版)
1063,违,wei,二上,2,上,违反、违法、违心,缺,本地识字表文件(部编版)
1064,抗,kang,二上,2,上,反抗、对抗、抗病,缺,本地识字表文件(部编版)
1065,趟,tang,二上,2,上,单趟、白跑一趟、空跑一趟、转一趟,缺,本地识字表文件(部编版)
1066,神,shen,二上,2,上,神奇、天神、山神,缺,本地识字表文件(部编版)
1067,猪,zhu,二上,2,上,小猪、猪头、猪油,缺,本地识字表文件(部编版)
1068,纳,na,二上,2,上,接纳、容纳、交纳,缺,本地识字表文件(部编版)
1069,实,shi,二上,2,上,诚实、实力、实心,缺,本地识字表文件(部编版)
1070,受,shou,二上,2,上,接受、感受、受用,缺,本地识字表文件(部编版)
1071,骗,pian,二上,2,上,骗子、骗人、受骗,缺,本地识字表文件(部编版)
1072,筝,zheng,二上,2,上,风筝、古筝、朝鲜筝,缺,本地识字表文件(部编版)
1073,鼠,shu,二上,2,上,老鼠、鼠标、鼠年,缺,本地识字表文件(部编版)
1074,折,zhe,二上,2,上,折纸、打折、折线,在,本地识字表文件(部编版)
1075,漂,piao,二上,2,上,漂流、漂游、漂白,缺,本地识字表文件(部编版)
1076,扎,zha,二上,2,上,扎实、包扎、扎辫子,在,本地识字表文件(部编版)
1077,抓,zhua,二上,2,上,抓住、抓药、抓耳,缺,本地识字表文件(部编版)
1078,幸,xing,二上,2,上,幸福、幸运、幸好,缺,本地识字表文件(部编版)
1079,俩,lia,二上,2,上,哥俩、咱俩、姐俩,缺,本地识字表文件(部编版)
1080,但,dan,二上,2,上,不但、但愿、但凡,缺,本地识字表文件(部编版)
1081,愿,yuan,二上,2,上,愿意、心愿、如愿,缺,本地识字表文件(部编版)
1082,哭,ku,二上,2,上,大哭、哭声、痛哭,缺,本地识字表文件(部编版)
1083,取,qu,二上,2,上,取出、取得、取名,在,本地识字表文件(部编版)
1084,帮,bang,二上,2,上,帮助、帮手、帮工,缺,本地识字表文件(部编版)
1085,助,zhu,二上,2,上,助人、助手、互助,缺,本地识字表文件(部编版)
1086,抽,chou,二上,2,上,抽水、抽出、抽中,缺,本地识字表文件(部编版)
1087,续,xu,二上,2,上,连续、续集、手续,在,本地识字表文件(部编版)
1088,使,shi,二上,2,上,天使、大使、使用,缺,本地识字表文件(部编版)
1089,劲,jin,二上,2,上,使劲、劲头、有劲,缺,本地识字表文件(部编版)
1090,秧,yang,二上,2,上,秧苗、插秧、秧歌、秧田,缺,本地识字表文件(部编版)
1091,表,biao,二上,2,上,手表、表扬、表面,在,本地识字表文件(部编版)
1092,示,shi,二上,2,上,提示、示意、出示,在,本地识字表文件(部编版)
1093,摆,bai,二上,2,上,摆手、摆动、摆平,缺,本地识字表文件(部编版)
1094,翻,fan,二上,2,上,翻开、打翻、空翻,缺,本地识字表文件(部编版)
1095,仍,reng,二上,2,上,仍然、仍旧、频仍,缺,本地识字表文件(部编版)
1096,栽,zai,二上,2,上,栽种、盆栽、栽培,缺,本地识字表文件(部编版)
1097,责,ze,二上,2,上,责任、自责、指责,在,本地识字表文件(部编版)
1098,狼,lang,二上,2,上,野狼、狼狗、狼烟,在,本地识字表文件(部编版)
1099,猩,xing,二上,2,上,猩猩、大猩猩、黑猩猩、猩红,缺,本地识字表文件(部编版)
1100,蛇,she,二上,2,上,水蛇、蛇年、蛇果,缺,本地识字表文件(部编版)
1101,鹤,he,二上,2,上,仙鹤、白鹤、纸鹤,缺,本地识字表文件(部编版)
1102,鸽,ge,二上,2,上,鸽子、信鸽、白鸽、飞鸽,缺,本地识字表文件(部编版)
1103,羚,ling,二上,2,上,羚羊、藏羚羊、斑羚,缺,本地识字表文件(部编版)
1104,蚯,qiu,二上,2,上,蚯蚓、蚯蚓粪、蚯蚓土、蚯蚓肥,缺,本地识字表文件(部编版)
1105,蚓,yin,二上,2,上,蚯蚓、蚯蚓土、蚯蚓粪,缺,本地识字表文件(部编版)
1106,螃,pang,二上,2,上,螃蟹、螃蜞、螃蠏,缺,本地识字表文件(部编版)
1107,蟹,xie,二上,2,上,螃蟹、河蟹、蟹肉,缺,本地识字表文件(部编版)
1108,虾,xia,二上,2,上,大虾、小虾、龙虾,在,本地识字表文件(部编版)
1109,蚕,can,二上,2,上,养蚕、春蚕、蚕食,缺,本地识字表文件(部编版)
1110,莺,ying,二下,2,下,黄莺、夜莺、柳莺,缺,本地识字表文件(部编版)
1111,拂,fu,二下,2,下,吹拂、飘拂、拂晓,在,本地识字表文件(部编版)
1112,堤,di,二下,2,下,堤岸、堤坝、海堤,缺,本地识字表文件(部编版)
1113,醉,zui,二下,2,下,陶醉、心醉、醉人,缺,本地识字表文件(部编版)
1114,咏,yong,二下,2,下,歌咏、吟咏、咏鹅,缺,本地识字表文件(部编版)
1115,妆,zhuang,二下,2,下,化妆、红妆、妆点,缺,本地识字表文件(部编版)
1116,丝,si,二下,2,下,丝线、丝带、发丝,缺,本地识字表文件(部编版)
1117,绦,tao,二下,2,下,丝绦、绦子、绦带、绦虫,缺,本地识字表文件(部编版)
1118,裁,cai,二下,2,下,体裁、裁剪、裁缝,缺,本地识字表文件(部编版)
1119,剪,jian,二下,2,下,剪刀、剪断、剪报,缺,本地识字表文件(部编版)
1120,脱,tuo,二下,2,下,脱下、脱口、脱掉,缺,本地识字表文件(部编版)
1121,袄,ao,二下,2,下,棉袄、夹袄、袄子,缺,本地识字表文件(部编版)
1122,寻,xun,二下,2,下,寻找、寻宝、寻常,缺,本地识字表文件(部编版)
1123,羞,xiu,二下,2,下,害羞、羞红、羞耻,缺,本地识字表文件(部编版)
1124,姑,gu,二下,2,下,姑姑、大姑、表姑,缺,本地识字表文件(部编版)
1125,遮,zhe,二下,2,下,遮阳、遮住、遮盖,缺,本地识字表文件(部编版)
1126,掩,yan,二下,2,下,掩耳、掩护、掩盖,缺,本地识字表文件(部编版)
1127,探,tan,二下,2,下,探头、探望、探索,缺,本地识字表文件(部编版)
1128,嫩,nen,二下,2,下,嫩绿、嫩叶、细嫩,缺,本地识字表文件(部编版)
1129,符,fu,二下,2,下,符号、符合、音符,在,本地识字表文件(部编版)
1130,解,jie,二下,2,下,解开、解答、分解,缺,本地识字表文件(部编版)
1131,触,chu,二下,2,下,触角、触动、接触,在,本地识字表文件(部编版)
1132,杜,du,二下,2,下,杜甫、杜鹃、杜绝,缺,本地识字表文件(部编版)
1133,鹃,juan,二下,2,下,杜鹃、杜鹃花、杜鹃鸟,缺,本地识字表文件(部编版)
1134,邮,you,二下,2,下,邮票、邮局、电邮,缺,本地识字表文件(部编版)
1135,递,di,二下,2,下,传递、递交、投递,缺,本地识字表文件(部编版)
1136,裹,guo,二下,2,下,包裹、裹住、裹紧,缺,本地识字表文件(部编版)
1137,颈,jing,二下,2,下,头颈、颈部、后颈,在,本地识字表文件(部编版)
1138,寄,ji,二下,2,下,寄出、寄语、寄生,缺,本地识字表文件(部编版)
1139,局,ju,二下,2,下,局长、局面、大局,缺,本地识字表文件(部编版)
1140,堆,dui,二下,2,下,一堆、土堆、堆积,缺,本地识字表文件(部编版)
1141,认,ren,二下,2,下,认识、认出、认真,缺,本地识字表文件(部编版)
1142,破,po,二下,2,下,打破、破开、破旧,缺,本地识字表文件(部编版)
1143,漏,lou,二下,2,下,漏水、沙漏、漏气,在,本地识字表文件(部编版)
1144,懊,ao,二下,2,下,懊悔、懊恼、懊丧,缺,本地识字表文件(部编版)
1145,丧,sang,二下,2,下,丧气、沮丧、丧失,缺,本地识字表文件(部编版)
1146,猬,wei,二下,2,下,刺猬、猬毛、猬集,缺,本地识字表文件(部编版)
1147,绚,xuan,二下,2,下,绚丽、绚烂、绚丽多彩,缺,本地识字表文件(部编版)
1148,礼,li,二下,2,下,礼物、礼花、行礼,缺,本地识字表文件(部编版)
1149,邓,deng,二下,2,下,邓小平、邓世昌、邓州,缺,本地识字表文件(部编版)
1150,坛,tan,二下,2,下,花坛、天坛、坛子,缺,本地识字表文件(部编版)
1151,龄,ling,二下,2,下,年龄、学龄、同龄,缺,本地识字表文件(部编版)
1152,格,ge,二下,2,下,格子、性格、风格,缺,本地识字表文件(部编版)
1153,致,zhi,二下,2,下,一致、兴致、致电,在,本地识字表文件(部编版)
1154,勃,bo,二下,2,下,蓬勃、勃发、勃然,缺,本地识字表文件(部编版)
1155,挖,wa,二下,2,下,挖洞、挖开、挖土,缺,本地识字表文件(部编版)
1156,选,xuan,二下,2,下,选择、选出、选手,缺,本地识字表文件(部编版)
1157,茁,zhuo,二下,2,下,茁壮、茁长、茁实,缺,本地识字表文件(部编版)
1158,移,yi,二下,2,下,移动、移开、平移,缺,本地识字表文件(部编版)
1159,挥,hui,二下,2,下,挥手、挥动、指挥,缺,本地识字表文件(部编版)
1160,填,tian,二下,2,下,填空、填表、填海,缺,本地识字表文件(部编版)
1161,扶,fu,二下,2,下,扶手、扶助、扶持,缺,本地识字表文件(部编版)
1162,亭,ting,二下,2,下,亭子、报亭、亭台,缺,本地识字表文件(部编版)
1163,咨,zi,二下,2,下,咨询、咨询员、咨文,缺,本地识字表文件(部编版)
1164,询,xun,二下,2,下,询问、查询、咨询,缺,本地识字表文件(部编版)
1165,剧,ju,二下,2,下,剧场、剧本、剧情,缺,本地识字表文件(部编版)
1166,管,guan,二下,2,下,管子、水管、管家,缺,本地识字表文件(部编版)
1167,理,li,二下,2,下,理发、地理、道理,在,本地识字表文件(部编版)
1168,塔,ta,二下,2,下,高塔、白塔、水塔,缺,本地识字表文件(部编版)
1169,餐,can,二下,2,下,用餐、中餐、餐车,缺,本地识字表文件(部编版)
1170,厅,ting,二下,2,下,客厅、大厅、餐厅、门厅,缺,本地识字表文件(部编版)
1171,曾,ceng,二下,2,下,曾经、不曾、曾孙,缺,本地识字表文件(部编版)
1172,蒙,meng,二下,2,下,蒙面、蒙住、蒙蒙,缺,本地识字表文件(部编版)
1173,泞,ning,二下,2,下,泥泞、泞泥、泞滑、污泞,缺,本地识字表文件(部编版)
1174,顺,shun,二下,2,下,顺心、顺手、顺水,缺,本地识字表文件(部编版)
1175,迈,mai,二下,2,下,迈步、迈进、豪迈,缺,本地识字表文件(部编版)
1176,踏,ta,二下,2,下,踏青、踏实、踏上,缺,本地识字表文件(部编版)
1177,荆,jing,二下,2,下,紫荆、荆州、荆条,缺,本地识字表文件(部编版)
1178,棘,ji,二下,2,下,荆棘、棘手、沙棘,缺,本地识字表文件(部编版)
1179,瓣,ban,二下,2,下,花瓣、豆瓣、蒜瓣,在,本地识字表文件(部编版)
1180,莹,ying,二下,2,下,晶莹、清莹、绿莹莹,缺,本地识字表文件(部编版)
1181,觅,mi,二下,2,下,觅食、寻觅、觅取,缺,本地识字表文件(部编版)
1182,需,xu,二下,2,下,需要、急需、所需,缺,本地识字表文件(部编版)
1183,献,xian,二下,2,下,献花、献出、贡献,缺,本地识字表文件(部编版)
1184,糕,gao,二下,2,下,蛋糕、年糕、雪糕、糕点,缺,本地识字表文件(部编版)
1185,特,te,二下,2,下,特长、特地、特点,缺,本地识字表文件(部编版)
1186,嘛,ma,二下,2,下,干嘛、喇嘛、喇嘛庙、好嘛,缺,本地识字表文件(部编版)
1187,买,mai,二下,2,下,买单、买好、买回,缺,本地识字表文件(部编版)
1188,粉,fen,二下,2,下,面粉、花粉、粉红,缺,本地识字表文件(部编版)
1189,糖,tang,二下,2,下,白糖、红糖、糖水,缺,本地识字表文件(部编版)
1190,蔗,zhe,二下,2,下,甘蔗、蔗糖、蔗农、蔗渣,缺,本地识字表文件(部编版)
1191,汁,zhi,二下,2,下,果汁、豆汁、汁水,缺,本地识字表文件(部编版)
1192,熬,ao,二下,2,下,熬夜、熬药、煎熬,缺,本地识字表文件(部编版)
1193,算,suan,二下,2,下,打算、心算、算数,缺,本地识字表文件(部编版)
1194,销,xiao,二下,2,下,开销、花销、销路,缺,本地识字表文件(部编版)
1195,劳,lao,二下,2,下,劳动、勤劳、劳心,缺,本地识字表文件(部编版)
1196,确,que,二下,2,下,正确、确实、确定,在,本地识字表文件(部编版)
1197,应,ying,二下,2,下,应该、应当、应有,在,本地识字表文件(部编版)
1198,郊,jiao,二下,2,下,郊游、郊外、郊区,缺,本地识字表文件(部编版)
1199,泛,fan,二下,2,下,广泛、泛起、泛舟,在,本地识字表文件(部编版)
1200,波,bo,二下,2,下,波浪、水波、波动,缺,本地识字表文件(部编版)
1201,纹,wen,二下,2,下,花纹、水纹、纹路,缺,本地识字表文件(部编版)
1202,葱,cong,二下,2,下,大葱、洋葱、葱花,缺,本地识字表文件(部编版)
1203,软,ruan,二下,2,下,柔软、心软、软化,缺,本地识字表文件(部编版)
1204,毯,tan,二下,2,下,毯子、毛毯、地毯、电热毯,缺,本地识字表文件(部编版)
1205,异,yi,二下,2,下,奇异、异国、异地,在,本地识字表文件(部编版)
1206,恋,lian,二下,2,下,恋家、留恋、依恋,缺,本地识字表文件(部编版)
1207,舍,she,二下,2,下,舍得、不舍、舍身,在,本地识字表文件(部编版)
1208,求,qiu,二下,2,下,请求、求学、求教,缺,本地识字表文件(部编版)
1209,株,zhu,二下,2,下,植株、株距、残株,在,本地识字表文件(部编版)
1210,拾,shi,二下,2,下,收拾、拾取、重拾,缺,本地识字表文件(部编版)
1211,骑,qi,二下,2,下,骑车、骑马、骑手,在,本地识字表文件(部编版)
1212,跨,kua,二下,2,下,跨上、跨过、跨步,在,本地识字表文件(部编版)
1213,程,cheng,二下,2,下,工程、日程、行程,缺,本地识字表文件(部编版)
1214,魔,mo,二下,2,下,魔法、魔力、魔术,缺,本地识字表文件(部编版)
1215,术,shu,二下,2,下,美术、手术、算术,在,本地识字表文件(部编版)
1216,建,jian,二下,2,下,建筑、建设、建国,在,本地识字表文件(部编版)
1217,筑,zhu,二下,2,下,建筑、修筑、筑巢,缺,本地识字表文件(部编版)
1218,演,yan,二下,2,下,演出、表演、主演,缺,本地识字表文件(部编版)
1219,营,ying,二下,2,下,营养、营地、夏令营,缺,本地识字表文件(部编版)
1220,务,wu,二下,2,下,家务、义务、事务,在,本地识字表文件(部编版)
1221,判,pan,二下,2,下,判断、判定、判别,缺,本地识字表文件(部编版)
1222,饲,si,二下,2,下,饲养、饲料、饲喂,缺,本地识字表文件(部编版)
1223,养,yang,二下,2,下,养花、喂养、养大,缺,本地识字表文件(部编版)
1224,州,zhou,二下,2,下,神州、州长、广州,缺,本地识字表文件(部编版)
1225,华,hua,二下,2,下,中华、华山、华人,缺,本地识字表文件(部编版)
1226,涌,yong,二下,2,下,涌出、涌现、涌入,缺,本地识字表文件(部编版)
1227,峰,feng,二下,2,下,山峰、高峰、主峰,缺,本地识字表文件(部编版)
1228,耸,song,二下,2,下,高耸、耸立、耸肩,缺,本地识字表文件(部编版)
1229,隔,ge,二下,2,下,隔壁、隔开、隔天,缺,本地识字表文件(部编版)
1230,峡,xia,二下,2,下,峡谷、海峡、三峡,缺,本地识字表文件(部编版)
1231,与,yu,二下,2,下,参与、给与、与其,缺,本地识字表文件(部编版)
1232,陆,lu,二下,2,下,陆地、大陆、陆上,缺,本地识字表文件(部编版)
1233,各,ge,二下,2,下,各位、各自、各地,缺,本地识字表文件(部编版)
1234,谊,yi,二下,2,下,友谊、情谊、联谊,缺,本地识字表文件(部编版)
1235,浓,nong,二下,2,下,浓香、浓密、浓厚,缺,本地识字表文件(部编版)
1236,齐,qi,二下,2,下,整齐、齐心、一齐,缺,本地识字表文件(部编版)
1237,奋,fen,二下,2,下,兴奋、奋斗、奋发,缺,本地识字表文件(部编版)
1238,繁,fan,二下,2,下,繁星、繁华、繁花,缺,本地识字表文件(部编版)
1239,统,tong,二下,2,下,统一、传统、统管,缺,本地识字表文件(部编版)
1240,贴,tie,二下,2,下,贴心、体贴、贴花,缺,本地识字表文件(部编版)
1241,宵,xiao,二下,2,下,元宵、夜宵、通宵,缺,本地识字表文件(部编版)
1242,巷,xiang,二下,2,下,小巷、巷子、街巷,缺,本地识字表文件(部编版)
1243,祭,ji,二下,2,下,祭品、祭文、公祭、祭奠,缺,本地识字表文件(部编版)
1244,舟,zhou,二下,2,下,龙舟、神舟、舟船,缺,本地识字表文件(部编版)
1245,艾,ai,二下,2,下,艾草、艾条、艾青,缺,本地识字表文件(部编版)
1246,堂,tang,二下,2,下,课堂、学堂、天堂,缺,本地识字表文件(部编版)
1247,乞,qi,二下,2,下,乞巧、乞求、乞讨,缺,本地识字表文件(部编版)
1248,巧,qiao,二下,2,下,巧手、巧合、灵巧,在,本地识字表文件(部编版)
1249,郎,lang,二下,2,下,牛郎、新郎、郎中,缺,本地识字表文件(部编版)
1250,饼,bing,二下,2,下,月饼、饼干、油饼,缺,本地识字表文件(部编版)
1251,赏,shang,二下,2,下,赏月、欣赏、赏光,在,本地识字表文件(部编版)
1252,菊,ju,二下,2,下,菊花、黄菊、秋菊,缺,本地识字表文件(部编版)
1253,甲,jia,二下,2,下,指甲、马甲、甲虫,缺,本地识字表文件(部编版)
1254,骨,gu,二下,2,下,骨头、骨气、头骨,在,本地识字表文件(部编版)
1255,珍,zhen,二下,2,下,珍爱、珍宝、珍奇,缺,本地识字表文件(部编版)
1256,饰,shi,二下,2,下,装饰、头饰、饰品,缺,本地识字表文件(部编版)
1257,品,pin,二下,2,下,物品、小品、品行,缺,本地识字表文件(部编版)
1258,随,sui,二下,2,下,随手、随风、随地,在,本地识字表文件(部编版)
1259,易,yi,二下,2,下,容易、不易、平易,缺,本地识字表文件(部编版)
1260,损,sun,二下,2,下,损失、受损、损人,缺,本地识字表文件(部编版)
1261,币,bi,二下,2,下,金币、货币、古币,缺,本地识字表文件(部编版)
1262,财,cai,二下,2,下,财物、发财、理财,缺,本地识字表文件(部编版)
1263,赚,zhuan,二下,2,下,赚钱、赚取、赚得、赚回来,缺,本地识字表文件(部编版)
1264,赔,pei,二下,2,下,赔礼、赔钱、赔本,缺,本地识字表文件(部编版)
1265,购,gou,二下,2,下,购物、网购、购得、订购,缺,本地识字表文件(部编版)
1266,贫,pin,二下,2,下,贫苦、清贫、贫血,缺,本地识字表文件(部编版)
1267,菠,bo,二下,2,下,菠菜、菠萝、菠萝蜜、菠萝包,缺,本地识字表文件(部编版)
1268,煎,jian,二下,2,下,煎蛋、煎饼、煎饺,缺,本地识字表文件(部编版)
1269,腐,fu,二下,2,下,豆腐、腐乳、防腐,缺,本地识字表文件(部编版)
1270,茄,jia,二下,2,下,茄子、番茄、烧茄子,缺,本地识字表文件(部编版)
1271,烤,kao,二下,2,下,烧烤、烤肉、烤鸡、烤火,缺,本地识字表文件(部编版)
1272,煮,zhu,二下,2,下,煮饭、煮熟、煮蛋,缺,本地识字表文件(部编版)
1273,爆,bao,二下,2,下,爆发、爆炸、爆米花,缺,本地识字表文件(部编版)
1274,炖,dun,二下,2,下,炖肉、清炖、炖锅、炖煮,缺,本地识字表文件(部编版)
1275,蘑,mo,二下,2,下,蘑菇、口蘑、蘑菇汤、蘑菇云,在,本地识字表文件(部编版)
1276,菇,gu,二下,2,下,香菇、平菇、草菇、菌菇,在,本地识字表文件(部编版)
1277,蒸,zheng,二下,2,下,蒸汽、蒸发、蒸笼,缺,本地识字表文件(部编版)
1278,饺,jiao,二下,2,下,饺子、水饺、蒸饺、虾饺,缺,本地识字表文件(部编版)
1279,酱,jiang,二下,2,下,酱油、果酱、肉酱,缺,本地识字表文件(部编版)
1280,粥,zhou,二下,2,下,八宝粥、腊八粥、米粥,缺,本地识字表文件(部编版)
1281,蛋,dan,二下,2,下,蛋黄、下蛋、蛋白,缺,本地识字表文件(部编版)
1282,津,jin,二下,2,下,天津、生津、点津,缺,本地识字表文件(部编版)
1283,溜,liu,二下,2,下,溜冰、溜走、溜达,缺,本地识字表文件(部编版)
1284,辣,la,二下,2,下,辣椒、辣子、火辣,缺,本地识字表文件(部编版)
1285,乎,hu,二下,2,下,在乎、合乎、热乎,缺,本地识字表文件(部编版)
1286,喷,pen,二下,2,下,喷出、喷香、喷火,在,本地识字表文件(部编版)
1287,腻,ni,二下,2,下,细腻、油腻、解腻,缺,本地识字表文件(部编版)
1288,绵,mian,二下,2,下,海绵、连绵、绵长,缺,本地识字表文件(部编版)
1289,脆,cui,二下,2,下,清脆、干脆、脆弱,缺,本地识字表文件(部编版)
1290,邦,bang,二下,2,下,邻邦、邦国、安邦,缺,本地识字表文件(部编版)
1291,盒,he,二下,2,下,盒子、纸盒、盒饭、饭盒,缺,本地识字表文件(部编版)
1292,聊,liao,二下,2,下,聊天、闲聊、无聊,缺,本地识字表文件(部编版)
1293,坪,ping,二下,2,下,草坪、操坪、停机坪、坪山,缺,本地识字表文件(部编版)
1294,郁,yu,二下,2,下,郁金香、郁郁葱葱、阴郁,缺,本地识字表文件(部编版)
1295,囱,cong,二下,2,下,烟囱、深海烟囱、囱门、前囱,缺,本地识字表文件(部编版)
1296,般,ban,二下,2,下,一般、百般、这般,缺,本地识字表文件(部编版)
1297,精,jing,二下,2,下,精心、精力、精神,缺,本地识字表文件(部编版)
1298,叮,ding,二下,2,下,叮当、叮嘱、叮咚,缺,本地识字表文件(部编版)
1299,咛,ning,二下,2,下,叮咛、千叮万咛、叮咛嘱咐、叮叮咛咛,缺,本地识字表文件(部编版)
1300,渡,du,二下,2,下,渡河、渡口、过渡,缺,本地识字表文件(部编版)
1301,荫,yin,二下,2,下,树荫、绿荫、荫凉,缺,本地识字表文件(部编版)
1302,蔽,bi,二下,2,下,遮蔽、隐蔽、掩蔽,缺,本地识字表文件(部编版)
1303,撑,cheng,二下,2,下,撑开、撑船、撑腰,缺,本地识字表文件(部编版)
1304,便,bian,二下,2,下,便利、便车、大便,在,本地识字表文件(部编版)
1305,母,mu,二下,2,下,母亲、母爱、水母,缺,本地识字表文件(部编版)
1306,冈,gang,二下,2,下,山冈、冈峦、冈岭,缺,本地识字表文件(部编版)
1307,懂,dong,二下,2,下,懂事、懂得、看懂,缺,本地识字表文件(部编版)
1308,案,an,二下,2,下,答案、方案、案子,缺,本地识字表文件(部编版)
1309,堡,bao,二下,2,下,城堡、古堡、沙堡、汉堡,缺,本地识字表文件(部编版)
1310,插,cha,二下,2,下,插头、插花、插上,缺,本地识字表文件(部编版)
1311,凶,xiong,二下,2,下,凶恶、凶狠、凶猛,在,本地识字表文件(部编版)
1312,狠,hen,二下,2,下,狠心、凶狠、狠狠,缺,本地识字表文件(部编版)
1313,补,bu,二下,2,下,补充、补语、补发,缺,本地识字表文件(部编版)
1314,充,chong,二下,2,下,充气、充分、充电,缺,本地识字表文件(部编版)
1315,商,shang,二下,2,下,商店、商人、商量,缺,本地识字表文件(部编版)
1316,驾,jia,二下,2,下,驾车、驾驶、驾照,缺,本地识字表文件(部编版)
1317,驳,bo,二下,2,下,反驳、驳回、斑驳,缺,本地识字表文件(部编版)
1318,药,yao,二下,2,下,药水、中药、西药,缺,本地识字表文件(部编版)
1319,赞,zan,二下,2,下,赞成、点赞、赞美,缺,本地识字表文件(部编版)
1320,合,he,二下,2,下,合作、合家、合理,缺,本地识字表文件(部编版)
1321,坚,jian,二下,2,下,坚定、坚强、坚果,在,本地识字表文件(部编版)
1322,持,chi,二下,2,下,坚持、保持、主持,在,本地识字表文件(部编版)
1323,记,ji,二下,2,下,日记、记性、记事,缺,本地识字表文件(部编版)
1324,屁,pi,二下,2,下,放屁、马屁、屁话,缺,本地识字表文件(部编版)
1325,股,gu,二下,2,下,股东、股利、股长,缺,本地识字表文件(部编版)
1326,昏,hun,二下,2,下,黄昏、昏暗、头昏,缺,本地识字表文件(部编版)
1327,茸,rong,二下,2,下,毛茸茸、鹿茸、松茸,缺,本地识字表文件(部编版)
1328,醒,xing,二下,2,下,醒来、清醒、提醒,在,本地识字表文件(部编版)
1329,晃,huang,二下,2,下,摇晃、晃动、晃悠,在,本地识字表文件(部编版)
1330,须,xu,二下,2,下,必须、胡须、须要,缺,本地识字表文件(部编版)
1331,免,mian,二下,2,下,免费、难免、免得,缺,本地识字表文件(部编版)
1332,费,fei,二下,2,下,学费、花费、白费,缺,本地识字表文件(部编版)
1333,列,lie,二下,2,下,列车、行列、出列,缺,本地识字表文件(部编版)
1334,撞,zhuang,二下,2,下,撞见、相撞、撞倒,缺,本地识字表文件(部编版)
1335,贪,tan,二下,2,下,贪心、贪吃、贪玩,缺,本地识字表文件(部编版)
1336,脾,pi,二下,2,下,脾气、脾胃、发脾气,缺,本地识字表文件(部编版)
1337,婶,shen,二下,2,下,婶婶、婶子、婶母、婶娘,缺,本地识字表文件(部编版)
1338,陀,tuo,二下,2,下,陀螺、普陀、弥陀,缺,本地识字表文件(部编版)
1339,螺,luo,二下,2,下,海螺、螺丝、田螺,缺,本地识字表文件(部编版)
1340,毽,jian,二下,2,下,毽子、踢毽子、毽球、鸡毛毽,缺,本地识字表文件(部编版)
1341,倒,dao,二下,2,下,倒下、摔倒、倒车,缺,本地识字表文件(部编版)
1342,翁,weng,二下,2,下,老翁、富翁、渔翁,缺,本地识字表文件(部编版)
1343,枪,qiang,二下,2,下,水枪、手枪、机枪,缺,本地识字表文件(部编版)
1344,橡,xiang,二下,2,下,橡皮、橡树、橡子,缺,本地识字表文件(部编版)
1345,板,ban,二下,2,下,地板、黑板、白板,缺,本地识字表文件(部编版)
1346,控,kong,二下,2,下,控制、自控、遥控,缺,本地识字表文件(部编版)
1347,坦,tan,二下,2,下,平坦、坦白、坦克,缺,本地识字表文件(部编版)
1348,克,ke,二下,2,下,克服、千克、克重,在,本地识字表文件(部编版)
1349,寓,yu,二下,2,下,公寓、寓言、寓所,缺,本地识字表文件(部编版)
1350,则,ze,二下,2,下,原则、法则、一则,缺,本地识字表文件(部编版)
1351,亡,wang,二下,2,下,死亡、身亡、兴亡,缺,本地识字表文件(部编版)
1352,牢,lao,二下,2,下,牢记、牢房、牢实,缺,本地识字表文件(部编版)
1353,圈,quan,二下,2,下,圈子、圆圈、花圈,在,本地识字表文件(部编版)
1354,钻,zuan,二下,2,下,钻石、电钻、钻研,缺,本地识字表文件(部编版)
1355,叼,diao,二下,2,下,叼走、叼着、叼食、叼抢,缺,本地识字表文件(部编版)
1356,坊,fang,二下,2,下,街坊、作坊、磨坊,缺,本地识字表文件(部编版)
1357,悔,hui,二下,2,下,后悔、悔改、反悔,缺,本地识字表文件(部编版)
1358,此,ci,二下,2,下,此时、此后、此地,缺,本地识字表文件(部编版)
1359,焦,jiao,二下,2,下,焦急、烧焦、心焦,缺,本地识字表文件(部编版)
1360,筋,jin,二下,2,下,筋骨、脑筋、面筋,缺,本地识字表文件(部编版)
1361,疲,pi,二下,2,下,疲劳、疲倦、疲乏,缺,本地识字表文件(部编版)
1362,喘,chuan,二下,2,下,喘气、喘息、喘粗气,缺,本地识字表文件(部编版)
1363,截,jie,二下,2,下,截图、半截、截断,缺,本地识字表文件(部编版)
1364,室,shi,二下,2,下,教室、科室、室外,缺,本地识字表文件(部编版)
1365,靠,kao,二下,2,下,靠近、可靠、靠山,缺,本地识字表文件(部编版)
1366,而,er,二下,2,下,时而、而后、反而,缺,本地识字表文件(部编版)
1367,哈,ha,二下,2,下,哈哈、哈罗、二哈,缺,本地识字表文件(部编版)
1368,审,shen,二下,2,下,审美、审查、审阅,缺,本地识字表文件(部编版)
1369,页,ye,二下,2,下,页面、书页、主页、网页,缺,本地识字表文件(部编版)
1370,肃,su,二下,2,下,肃立、肃然、肃清,缺,本地识字表文件(部编版)
1371,晌,shang,二下,2,下,晌午、半晌、一时半晌,缺,本地识字表文件(部编版)
1372,抢,qiang,二下,2,下,抢眼、抢修、抢手,缺,本地识字表文件(部编版)
1373,嘻,xi,二下,2,下,笑嘻嘻、嘻嘻、嘻哈,缺,本地识字表文件(部编版)
1374,悦,yue,二下,2,下,喜悦、悦耳、欢悦,缺,本地识字表文件(部编版)
1375,诲,hui,二下,2,下,教诲、诲人不倦、规诲,缺,本地识字表文件(部编版)
1376,棚,peng,二下,2,下,大棚、天棚、工棚、凉棚,缺,本地识字表文件(部编版)
1377,驮,tuo,二下,2,下,驮马、驮运、驮筐、驮子,缺,本地识字表文件(部编版)
1378,磨,mo,二下,2,下,打磨、磨合、石磨,在,本地识字表文件(部编版)
1379,挡,dang,二下,2,下,挡住、挡路、挡雨,缺,本地识字表文件(部编版)
1380,伯,bo,二下,2,下,大伯、伯母、伯乐,缺,本地识字表文件(部编版)
1381,浅,qian,二下,2,下,浅水、浅色、浅海,缺,本地识字表文件(部编版)
1382,刻,ke,二下,2,下,时刻、立刻、刻苦,缺,本地识字表文件(部编版)
1383,突,tu,二下,2,下,突然、突发、突出,缺,本地识字表文件(部编版)
1384,叹,tan,二下,2,下,叹气、惊叹、感叹,在,本地识字表文件(部编版)
1385,唉,ai,二下,2,下,唉呀、唉唉、唉声叹气,在,本地识字表文件(部编版)
1386,试,shi,二下,2,下,试试、考试、试验,缺,本地识字表文件(部编版)
1387,蹄,ti,二下,2,下,马蹄、猪蹄、蹄印,缺,本地识字表文件(部编版)
1388,既,ji,二下,2,下,既然、既往、一如既往,缺,本地识字表文件(部编版)
1389,厨,chu,二下,2,下,厨房、厨师、下厨,缺,本地识字表文件(部编版)
1390,厕,ce,二下,2,下,厕所、公厕、厕纸,缺,本地识字表文件(部编版)
1391,厢,xiang,二下,2,下,车厢、包厢、厢房,缺,本地识字表文件(部编版)
1392,厦,sha,二下,2,下,大厦、高楼大厦、摩天大厦,缺,本地识字表文件(部编版)
1393,穴,xue,二下,2,下,洞穴、穴位、虎穴,缺,本地识字表文件(部编版)
1394,窟,ku,二下,2,下,窟窿、石窟、洞窟,缺,本地识字表文件(部编版)
1395,窿,long,二下,2,下,窟窿、窟窿眼、穹窿、黑窟窿,缺,本地识字表文件(部编版)
1396,窑,yao,二下,2,下,窑洞、砖窑、土窑,缺,本地识字表文件(部编版)
1397,窄,zhai,二下,2,下,狭窄、宽窄、窄小,缺,本地识字表文件(部编版)
1398,晓,xiao,二下,2,下,晓得、知晓、破晓,缺,本地识字表文件(部编版)
1399,慈,ci,二下,2,下,慈爱、慈母、慈善,缺,本地识字表文件(部编版)
1400,毕,bi,二下,2,下,毕业、毕生、完毕,缺,本地识字表文件(部编版)
1401,竟,jing,二下,2,下,竟然、究竟、毕竟,缺,本地识字表文件(部编版)
1402,映,ying,二下,2,下,放映、反映、上映,在,本地识字表文件(部编版)
1403,绝,jue,二下,2,下,绝对、绝招、绝技,缺,本地识字表文件(部编版)
1404,鹂,li,二下,2,下,黄鹂、黄鹂鸟、黑枕黄鹂,缺,本地识字表文件(部编版)
1405,鸣,ming,二下,2,下,鸟鸣、共鸣、鸣叫,缺,本地识字表文件(部编版)
1406,含,han,二下,2,下,含有、包含、含义,缺,本地识字表文件(部编版)
1407,岭,ling,二下,2,下,山岭、岭南、五岭,缺,本地识字表文件(部编版)
1408,泊,po,二下,2,下,湖泊、停泊、泊车,缺,本地识字表文件(部编版)
1409,压,ya,二下,2,下,压力、电压、气压,在,本地识字表文件(部编版)
1410,蝉,chan,二下,2,下,蝉鸣、蝉联、金蝉,缺,本地识字表文件(部编版)
1411,垂,chui,二下,2,下,垂下、下垂、垂直,缺,本地识字表文件(部编版)
1412,哗,hua,二下,2,下,哗啦、喧哗、哗啦啦,缺,本地识字表文件(部编版)
1413,户,hu,二下,2,下,户外、户口、门户,缺,本地识字表文件(部编版)
1414,扑,pu,二下,2,下,扑面、扑通、扑克,在,本地识字表文件(部编版)
1415,慌,huang,二下,2,下,慌张、惊慌、慌忙,缺,本地识字表文件(部编版)
1416,辨,bian,二下,2,下,辨别、辨认、分辨,在,本地识字表文件(部编版)
1417,忠,zhong,二下,2,下,忠心、忠言、忠实,缺,本地识字表文件(部编版)
1418,导,dao,二下,2,下,引导、教导、开导,缺,本地识字表文件(部编版)
1419,盏,zhan,二下,2,下,一盏、灯盏、推杯换盏,缺,本地识字表文件(部编版)
1420,永,yong,二下,2,下,永远、永久、永恒,缺,本地识字表文件(部编版)
1421,闯,chuang,二下,2,下,闯关、闯进、闯祸,缺,本地识字表文件(部编版)
1422,碰,peng,二下,2,下,碰头、碰面、碰上,缺,本地识字表文件(部编版)
1423,稠,chou,二下,2,下,稠密、浓稠、粘稠,缺,本地识字表文件(部编版)
1424,稀,xi,二下,2,下,稀饭、稀奇、稀有,缺,本地识字表文件(部编版)
1425,渠,qu,二下,2,下,水渠、渠道、水到渠成,缺,本地识字表文件(部编版)
1426,趣,qu,二下,2,下,有趣、趣事、乐趣,缺,本地识字表文件(部编版)
1427,航,hang,二下,2,下,航天、航海、航行,缺,本地识字表文件(部编版)
1428,宇,yu,二下,2,下,宇航、楼宇、眉宇,缺,本地识字表文件(部编版)
1429,宙,zhou,二下,2,下,宇宙、宙斯、宇宙飞船,缺,本地识字表文件(部编版)
1430,稳,wen,二下,2,下,平稳、稳定、稳重,缺,本地识字表文件(部编版)
1431,必,bi,二下,2,下,必须、必要、必定,在,本地识字表文件(部编版)
1432,固,gu,二下,2,下,固体、固定、坚固,缺,本地识字表文件(部编版)
1433,舱,cang,二下,2,下,机舱、客舱、船舱、舱位,缺,本地识字表文件(部编版)
1434,杯,bei,二下,2,下,杯子、干杯、纸杯,缺,本地识字表文件(部编版)
1435,饮,yin,二下,2,下,饮水、饮料、饮食,缺,本地识字表文件(部编版)
1436,题,ti,二下,2,下,主题、出题、题名,缺,本地识字表文件(部编版)
1437,密,mi,二下,2,下,秘密、亲密、茂密,在,本地识字表文件(部编版)
1438,浴,yu,二下,2,下,浴室、洗浴、浴巾,缺,本地识字表文件(部编版)
1439,桶,tong,二下,2,下,水桶、木桶、马桶,缺,本地识字表文件(部编版)
1440,博,bo,二下,2,下,博大、博学、博物,缺,本地识字表文件(部编版)
1441,馆,guan,二下,2,下,面馆、球馆、图书馆,缺,本地识字表文件(部编版)
1442,览,lan,二下,2,下,游览、博览、一览,缺,本地识字表文件(部编版)
1443,技,ji,二下,2,下,技术、特技、口技,在,本地识字表文件(部编版)
1444,育,yu,二下,2,下,体育、教育、发育,缺,本地识字表文件(部编版)
1445,研,yan,二下,2,下,研究、科研、研发,缺,本地识字表文件(部编版)
1446,究,jiu,二下,2,下,究竟、讲究、探究,缺,本地识字表文件(部编版)
1447,哨,shao,二下,2,下,哨子、口哨、哨兵,缺,本地识字表文件(部编版)
1448,诊,zhen,二下,2,下,门诊、会诊、义诊、复诊,缺,本地识字表文件(部编版)
1449,耷,da,二下,2,下,耷拉、耷拉着、蔫头耷脑,缺,本地识字表文件(部编版)
1450,咦,yi,二下,2,下,咦咦、咦呀、咦唷、咦哟,缺,本地识字表文件(部编版)
1451,竖,shu,二下,2,下,竖起、竖立、横竖,缺,本地识字表文件(部编版)
1452,竿,gan,二下,2,下,竹竿、鱼竿、竿子,在,本地识字表文件(部编版)
1453,舞,wu,二下,2,下,舞台、飞舞、舞龙,缺,本地识字表文件(部编版)
1454,痛,tong,二下,2,下,头痛、心痛、病痛,缺,本地识字表文件(部编版)
1455,烦,fan,二下,2,下,麻烦、心烦、烦人,在,本地识字表文件(部编版)
1456,店,dian,二下,2,下,小店、花店、开店,缺,本地识字表文件(部编版)
1457,蹲,dun,二下,2,下,蹲下、半蹲、深蹲,缺,本地识字表文件(部编版)
1458,寂,ji,二下,2,下,寂静、沉寂、寂然,缺,本地识字表文件(部编版)
1459,寞,mo,二下,2,下,寂寞、落寞、不甘寂寞,缺,本地识字表文件(部编版)
1460,罩,zhao,二下,2,下,口罩、灯罩、面罩,缺,本地识字表文件(部编版)
1461,简,jian,二下,2,下,简单、简短、简明,缺,本地识字表文件(部编版)
1462,编,bian,二下,2,下,编写、编织、编制,缺,本地识字表文件(部编版)
1463,顾,gu,二下,2,下,回顾、顾客、照顾,缺,本地识字表文件(部编版)
1464,付,fu,二下,2,下,付出、对付、付清,在,本地识字表文件(部编版)
1465,夫,fu,二下,2,下,大夫、夫人、工夫,缺,本地识字表文件(部编版)
1466,换,huan,二下,2,下,交换、转换、换成,缺,本地识字表文件(部编版)
1467,袜,wa,二下,2,下,袜子、短袜、长袜,缺,本地识字表文件(部编版)
1468,匆,cong,二下,2,下,匆忙、匆匆、急匆匆,缺,本地识字表文件(部编版)
1469,蜈,wu,二下,2,下,蜈蚣、蜈蚣草、蜈支洲岛、蜈蚣虫,缺,本地识字表文件(部编版)
1470,蚣,gong,二下,2,下,蜈蚣、蜈蚣虫、蜈蚣草,缺,本地识字表文件(部编版)
1471,卖,mai,二下,2,下,卖力、出卖、外卖,缺,本地识字表文件(部编版)
1472,烂,lan,二下,2,下,破烂、烂熟、软烂,缺,本地识字表文件(部编版)
1473,牌,pai,二下,2,下,金牌、牌子、车牌,缺,本地识字表文件(部编版)
1474,坑,keng,二下,2,下,水坑、大坑、沙坑,缺,本地识字表文件(部编版)
1475,舒,shu,二下,2,下,舒服、舒心、舒展,缺,本地识字表文件(部编版)
1476,集,ji,二下,2,下,集市、集体、集中,在,本地识字表文件(部编版)
1477,籽,zi,二下,2,下,菜籽、草籽、籽实、无籽,缺,本地识字表文件(部编版)
1478,播,bo,二下,2,下,播出、播音、点播,缺,本地识字表文件(部编版)
1479,撒,sa,二下,2,下,撒种、撒网、撒手,缺,本地识字表文件(部编版)
1480,茵,yin,二下,2,下,绿茵、绿茵场、绿草如茵,缺,本地识字表文件(部编版)
1481,灌,guan,二下,2,下,灌水、灌区、春灌,缺,本地识字表文件(部编版)
1482,缺,que,二下,2,下,缺点、缺水、缺口,缺,本地识字表文件(部编版)
1483,泳,yong,二下,2,下,游泳、泳衣、泳装,缺,本地识字表文件(部编版)
1484,愣,leng,二下,2,下,发愣、愣神儿、直愣愣,缺,本地识字表文件(部编版)
1485,昆,kun,二下,2,下,昆虫、昆曲、昆明,在,本地识字表文件(部编版)
1486,怜,lian,二下,2,下,可怜、怜爱、怜悯,缺,本地识字表文件(部编版)
1487,挪,nuo,二下,2,下,挪动、挪开、腾挪,缺,本地识字表文件(部编版)
1488,仿,fang,二下,2,下,模仿、相仿、仿佛,在,本地识字表文件(部编版)
1489,佛,fu,二下,2,下,佛像、佛手、佛光,在,本地识字表文件(部编版)
1490,任,ren,二下,2,下,任务、责任、上任,在,本地识字表文件(部编版)
1491,何,he,二下,2,下,如何、何时、何不,在,本地识字表文件(部编版)
1492,纺,fang,二下,2,下,纺织、纺纱、纺车、毛纺,缺,本地识字表文件(部编版)
1493,竭,jie,二下,2,下,竭力、竭诚、竭尽,缺,本地识字表文件(部编版)
1494,规,gui,二下,2,下,规定、规矩、法规,缺,本地识字表文件(部编版)
1495,律,lv,二下,2,下,法律、自律、一律,缺,本地识字表文件(部编版)
1496,待,dai,二下,2,下,等待、招待、期待,在,本地识字表文件(部编版)
1497,挣,zheng,二下,2,下,挣钱、挣脱、挣扎,在,本地识字表文件(部编版)
1498,愉,yu,二下,2,下,愉快、愉悦、欢愉,缺,本地识字表文件(部编版)
1499,绒,rong,二下,2,下,绒毛、绒球、绒线、绒布,缺,本地识字表文件(部编版)
1500,帚,zhou,二下,2,下,扫帚、笤帚、敝帚自珍,缺,本地识字表文件(部编版)
1501,抹,mo,二下,2,下,抹布、抹去、抹黑,在,本地识字表文件(部编版)
1502,拖,tuo,二下,2,下,拖地、拖布、拖拉,缺,本地识字表文件(部编版)
1503,簸,bo,二下,2,下,颠簸、簸箕、簸谷,缺,本地识字表文件(部编版)
1504,箕,ji,二下,2,下,簸箕、畚箕、箕子,缺,本地识字表文件(部编版)
1505,玻,bo,二下,2,下,玻璃、玻璃球、玻璃窗、玻片,缺,本地识字表文件(部编版)
1506,璃,li,二下,2,下,玻璃、琉璃、玻璃球、玻璃市,缺,本地识字表文件(部编版)
1507,垃,la,二下,2,下,垃圾、垃圾桶、垃圾车、坷垃,缺,本地识字表文件(部编版)
1508,圾,ji,二下,2,下,垃圾、垃圾桶、垃圾分类、垃圾车,缺,本地识字表文件(部编版)
1509,祖,zu,二下,2,下,祖国、祖传、祖上,缺,本地识字表文件(部编版)
1510,掏,tao,二下,2,下,掏出、掏钱、掏腰包、掏空,缺,本地识字表文件(部编版)
1511,逗,dou,二下,2,下,逗乐、逗笑、逗留、逗号,缺,本地识字表文件(部编版)
1512,蔷,qiang,二下,2,下,蔷薇、蔷薇花、蔷薇花蕾,缺,本地识字表文件(部编版)
1513,薇,wei,二下,2,下,蔷薇、紫薇、蔷薇花蕾、赵薇,缺,本地识字表文件(部编版)
1514,逮,dai,二下,2,下,逮住、逮捕、力有未逮,缺,本地识字表文件(部编版)
1515,忆,yi,二下,2,下,回忆、记忆、失忆,缺,本地识字表文件(部编版)
1516,射,she,二下,2,下,射门、发射、射出,缺,本地识字表文件(部编版)
1517,值,zhi,二下,2,下,值得、值日、值班,缺,本地识字表文件(部编版)
1518,熔,rong,二下,2,下,熔化、熔炉、熔点,缺,本地识字表文件(部编版)
1519,类,lei,二下,2,下,人类、分类、鱼类,缺,本地识字表文件(部编版)
1520,艰,jian,二下,2,下,艰难、艰苦、艰辛,缺,本地识字表文件(部编版)
1521,箭,jian,二下,2,下,火箭、射箭、箭头,缺,本地识字表文件(部编版)
1522,裂,lie,二下,2,下,裂开、裂口、干裂,在,本地识字表文件(部编版)
1523,炎,yan,二下,2,下,炎热、发炎、消炎,缺,本地识字表文件(部编版)
1524,退,tui,二下,2,下,后退、退步、退出,在,本地识字表文件(部编版)
1525,庄,zhuang,二下,2,下,村庄、庄重、山庄,缺,本地识字表文件(部编版)
1526,稼,jia,二下,2,下,庄稼、庄稼地、庄稼人,缺,本地识字表文件(部编版)
1527,滋,zi,二下,2,下,滋润、滋味、滋养,缺,本地识字表文件(部编版)
1528,腾,teng,二下,2,下,腾出、腾飞、欢腾,缺,本地识字表文件(部编版)
1529,帝,di,二下,2,下,黄帝、天帝、帝国,在,本地识字表文件(部编版)
1530,创,chuang,二下,2,下,创新、创作、开创,在,本地识字表文件(部编版)
1531,推,tui,二下,2,下,推开、推动、推手,在,本地识字表文件(部编版)
1532,联,lian,二下,2,下,联合、联手、联系,在,本地识字表文件(部编版)
1533,盟,meng,二下,2,下,同盟、加盟、联盟,缺,本地识字表文件(部编版)
1534,尊,zun,二下,2,下,尊重、自尊、尊长,缺,本地识字表文件(部编版)
1535,启,qi,二下,2,下,启动、启发、开启,在,本地识字表文件(部编版)
1536,召,zhao,二下,2,下,号召、召开、召集,在,本地识字表文件(部编版)
1537,按,an,二下,2,下,按时、按下、按钮,在,本地识字表文件(部编版)
1538,设,she,二下,2,下,设法、开设、建设,在,本地识字表文件(部编版)
1539,材,cai,二下,2,下,木材、教材、器材,在,本地识字表文件(部编版)
1540,改,gai,二下,2,下,改变、改正、改动,缺,本地识字表文件(部编版)
1541,替,ti,二下,2,下,代替、替代、交替,缺,本地识字表文件(部编版)
1542,段,duan,二下,2,下,一段、分段、段落,在,本地识字表文件(部编版)
1543,供,gong,二下,2,下,供应、供电、供水,在,本地识字表文件(部编版)
1544,钩,gou,二下,2,下,钩子、鱼钩、拉钩,缺,本地识字表文件(部编版)
1545,铲,chan,二下,2,下,铲子、锅铲、铲车,缺,本地识字表文件(部编版)
1546,梅,mei,二下,2,下,梅花、梅子、黄梅,在,本地识字表文件(部编版)
1547,柿,shi,二下,2,下,柿子、柿饼、西红柿、红柿子,缺,本地识字表文件(部编版)
1548,源,yuan,二下,2,下,源头、水源、电源,缺,本地识字表文件(部编版)
1549,涨,zhang,二下,2,下,涨水、上涨、涨价,缺,本地识字表文件(部编版)
1550,炬,ju,二下,2,下,火炬、蜡炬、炬火,缺,本地识字表文件(部编版)
1551,灿,can,二下,2,下,灿烂、金灿灿、灿若繁星,在,本地识字表文件(部编版)
1552,垮,kua,二下,2,下,打垮、压垮、松垮、垮台,缺,本地识字表文件(部编版)
1553,坟,fen,二下,2,下,坟头、祖坟、上坟,缺,本地识字表文件(部编版)
1554,坝,ba,三上,3,上,大坝、水坝、土坝、沙坝,在,本地识字表文件(部编版)
1555,汉,han,三上,3,上,汉语、汉字、汉子,在,本地识字表文件(部编版)
1556,艳,yan,三上,3,上,鲜艳、惊艳、美艳,在,本地识字表文件(部编版)
1557,扮,ban,三上,3,上,打扮、扮演、装扮,在,本地识字表文件(部编版)
1558,扬,yang,三上,3,上,飘扬、发扬、扬起,在,本地识字表文件(部编版)
1559,摔,shuai,三上,3,上,摔倒、摔打、摔破,在,本地识字表文件(部编版)
1560,跤,jiao,三上,3,上,摔跤、跌跤、绊跤、滑跤,在,本地识字表文件(部编版)
1561,凤,feng,三上,3,上,凤凰、龙凤、凤梨,在,本地识字表文件(部编版)
1562,洁,jie,三上,3,上,洁白、清洁、整洁,在,本地识字表文件(部编版)
1563,轰,hong,三上,3,上,轰隆、轰动、轰响,缺,本地识字表文件(部编版)
1564,荒,huang,三上,3,上,荒山、荒地、荒岛,在,本地识字表文件(部编版)
1565,笛,di,三上,3,上,笛子、长笛、短笛、风笛,在,本地识字表文件(部编版)
1566,功,gong,三上,3,上,成功、功德、功力,缺,本地识字表文件(部编版)
1567,罚,fa,三上,3,上,处罚、罚单、罚款,在,本地识字表文件(部编版)
1568,裳,shang,三上,3,上,衣裳、霓裳、衣裳钩儿,在,本地识字表文件(部编版)
1569,诵,song,三上,3,上,背诵、诵读、诵经,在,本地识字表文件(部编版)
1570,例,li,三上,3,上,例子、例外、举例,在,本地识字表文件(部编版)
1571,糊,hu,三上,3,上,糊涂、面糊、糊口,在,本地识字表文件(部编版)
1572,涂,tu,三上,3,上,涂抹、涂料、涂层,在,本地识字表文件(部编版)
1573,呆,dai,三上,3,上,发呆、呆住、惊呆,在,本地识字表文件(部编版)
1574,戒,jie,三上,3,上,戒指、八戒、戒酒,在,本地识字表文件(部编版)
1575,厉,li,三上,3,上,厉害、严厉、厉声,在,本地识字表文件(部编版)
1576,挨,ai,三上,3,上,挨着、挨近、挨家,在,本地识字表文件(部编版)
1577,楚,chu,三上,3,上,清楚、楚国、楚辞,在,本地识字表文件(部编版)
1578,径,jing,三上,3,上,小径、口径、径直,在,本地识字表文件(部编版)
1579,斜,xie,三上,3,上,斜线、斜阳、倾斜,在,本地识字表文件(部编版)
1580,赠,zeng,三上,3,上,赠送、赠品、回赠,在,本地识字表文件(部编版)
1581,残,can,三上,3,上,残月、残疾、残缺,在,本地识字表文件(部编版)
1582,犹,you,三上,3,上,犹如、犹豫、犹太,在,本地识字表文件(部编版)
1583,傲,ao,三上,3,上,骄傲、高傲、傲然,在,本地识字表文件(部编版)
1584,君,jun,三上,3,上,君子、国君、君王,在,本地识字表文件(部编版)
1585,橙,cheng,三上,3,上,橙子、橙色、香橙,在,本地识字表文件(部编版)
1586,橘,ju,三上,3,上,橘子、橘色、柑橘,在,本地识字表文件(部编版)
1587,洼,wa,三上,3,上,水洼、低洼、洼地、坑坑洼洼,在,本地识字表文件(部编版)
1588,印,yin,三上,3,上,手印、脚印、印象,在,本地识字表文件(部编版)
1589,凌,ling,三上,3,上,凌乱、冰凌、凌晨,在,本地识字表文件(部编版)
1590,增,zeng,三上,3,上,增多、增高、增长,在,本地识字表文件(部编版)
1591,棕,zong,三上,3,上,棕色、棕树、棕熊、棕红,在,本地识字表文件(部编版)
1592,靴,xue,三上,3,上,靴子、雨靴、雪地靴,在,本地识字表文件(部编版)
1593,钥,yao,三上,3,上,钥匙、钥匙链、钥匙卡,在,本地识字表文件(部编版)
1594,匙,shi,三上,3,上,钥匙、汤匙、茶匙,在,本地识字表文件(部编版)
1595,缤,bin,三上,3,上,缤纷、五彩缤纷、色彩缤纷,在,本地识字表文件(部编版)
1596,枚,mei,三上,3,上,一枚、枚举、几枚,在,本地识字表文件(部编版)
1597,频,pin,三上,3,上,频道、视频、频繁,缺,本地识字表文件(部编版)
1598,勾,gou,三上,3,上,拉勾、打勾、勾起,在,本地识字表文件(部编版)
1599,喇,la,三上,3,上,喇叭、喇叭花、喇嘛、喇叭裤,在,本地识字表文件(部编版)
1600,叭,ba,三上,3,上,喇叭、喇叭花、吹喇叭、喇叭形,在,本地识字表文件(部编版)
1601,厚,hou,三上,3,上,厚道、深厚、厚实,在,本地识字表文件(部编版)
1602,曲,qu,三上,3,上,弯曲、曲线、曲子,在,本地识字表文件(部编版)
1603,丰,feng,三上,3,上,丰富、丰收、丰满,在,本地识字表文件(部编版)
1604,抖,dou,三上,3,上,发抖、抖动、颤抖,在,本地识字表文件(部编版)
1605,蟋,xi,三上,3,上,蟋蟀、蟋蟀草、斗蟋蟀、蟋蟀声,在,本地识字表文件(部编版)
1606,蟀,shuai,三上,3,上,蟋蟀、蟋蟀草、斗蟋蟀、小蟋蟀,在,本地识字表文件(部编版)
1607,振,zhen,三上,3,上,振动、振作、振兴,在,本地识字表文件(部编版)
1608,韵,yun,三上,3,上,押韵、韵味、韵文,在,本地识字表文件(部编版)
1609,掠,lve,三上,3,上,掠过、飞掠、掠食,在,本地识字表文件(部编版)
1610,吟,yin,三上,3,上,吟诵、吟诗、吟唱,在,本地识字表文件(部编版)
1611,辽,liao,三上,3,上,辽阔、辽远、辽河,在,本地识字表文件(部编版)
1612,阔,kuo,三上,3,上,广阔、开阔、阔别,在,本地识字表文件(部编版)
1613,捡,jian,三上,3,上,捡起、捡到、捡拾、捡漏,缺,本地识字表文件(部编版)
1614,旧,jiu,三上,3,上,旧物、旧事、旧书,在,本地识字表文件(部编版)
1615,饿,e,三上,3,上,饥饿、挨饿、饿肚子,在,本地识字表文件(部编版)
1616,卷,juan,三上,3,上,花卷、卷发、试卷,在,本地识字表文件(部编版)
1617,燃,ran,三上,3,上,点燃、燃气、燃放,在,本地识字表文件(部编版)
1618,焰,yan,三上,3,上,火焰、焰火、烈焰,在,本地识字表文件(部编版)
1619,蜡,la,三上,3,上,蜡烛、蜡笔、蜡台,在,本地识字表文件(部编版)
1620,烛,zhu,三上,3,上,蜡烛、烛光、烛台,在,本地识字表文件(部编版)
1621,富,fu,三上,3,上,富有、富裕、丰富,在,本地识字表文件(部编版)
1622,划,hua,三上,3,上,计划、划分、划线,在,本地识字表文件(部编版)
1623,强,qiang,三上,3,上,强大、坚强、强化,在,本地识字表文件(部编版)
1624,缩,suo,三上,3,上,缩小、收缩、退缩,在,本地识字表文件(部编版)
1625,努,nu,三上,3,上,努力、努嘴、努劲儿,在,本地识字表文件(部编版)
1626,茎,jing,三上,3,上,根茎、块茎、球茎、茎干,在,本地识字表文件(部编版)
1627,锯,ju,三上,3,上,锯子、锯开、拉锯,在,本地识字表文件(部编版)
1628,斧,fu,三上,3,上,斧子、斧头、板斧,在,本地识字表文件(部编版)
1629,吱,zhi,三上,3,上,吱声、吱呀、吱吱声,在,本地识字表文件(部编版)
1630,拆,chai,三上,3,上,拆开、拆下、拆分,在,本地识字表文件(部编版)
1631,咱,zan,三上,3,上,咱们、咱俩、咱家、咱村,在,本地识字表文件(部编版)
1632,偷,tou,三上,3,上,偷偷、偷看、小偷,在,本地识字表文件(部编版)
1633,齿,chi,三上,3,上,牙齿、门齿、齿轮,在,本地识字表文件(部编版)
1634,嚼,jue,三上,3,上,咀嚼、嚼碎、嚼劲,在,本地识字表文件(部编版)
1635,吞,tun,三上,3,上,吞下、吞食、云吞,在,本地识字表文件(部编版)
1636,胃,wei,三上,3,上,胃口、开胃、胃痛,在,本地识字表文件(部编版)
1637,悲,bei,三上,3,上,悲伤、悲剧、悲观,在,本地识字表文件(部编版)
1638,咽,yan,三上,3,上,咽下、咽喉、下咽,在,本地识字表文件(部编版)
1639,泪,lei,三上,3,上,眼泪、泪水、流泪,在,本地识字表文件(部编版)
1640,眯,mi,三上,3,上,眯眼、笑眯眯、眯缝,在,本地识字表文件(部编版)
1641,酪,lao,三上,3,上,奶酪、乳酪、酪梨、酪饼,缺,本地识字表文件(部编版)
1642,宣,xuan,三上,3,上,宣布、宣传、宣言,在,本地识字表文件(部编版)
1643,诱,you,三上,3,上,诱人、引诱、诱导,在,本地识字表文件(部编版)
1644,舔,tian,三上,3,上,舔舐、舔嘴唇、舔舌头,在,本地识字表文件(部编版)
1645,毅,yi,三上,3,上,毅力、坚毅、毅然,在,本地识字表文件(部编版)
1646,犯,fan,三上,3,上,犯错、犯规、犯法,在,本地识字表文件(部编版)
1647,禁,jin,三上,3,上,禁止、不禁、禁区,在,本地识字表文件(部编版)
1648,稍,shao,三上,3,上,稍微、稍等、稍候,在,本地识字表文件(部编版)
1649,豫,yu,三上,3,上,犹豫、豫剧、犹豫不决,在,本地识字表文件(部编版)
1650,跺,duo,三上,3,上,跺脚、跺足、跺跺脚、跺了跺脚,在,本地识字表文件(部编版)
1651,聚,ju,三上,3,上,聚会、相聚、聚拢,在,本地识字表文件(部编版)
1652,申,shen,三上,3,上,申请、重申、申明,在,本地识字表文件(部编版)
1653,介,jie,三上,3,上,介绍、介意、介词,在,本地识字表文件(部编版)
1654,绍,shao,三上,3,上,介绍、绍兴、自我介绍,在,本地识字表文件(部编版)
1655,宗,zong,三上,3,上,正宗、祖宗、大宗,在,本地识字表文件(部编版)
1656,乙,yi,三上,3,上,甲乙、乙方、乙等,在,本地识字表文件(部编版)
1657,式,shi,三上,3,上,算式、式子、格式,缺,本地识字表文件(部编版)
1658,孝,xiao,三上,3,上,孝心、孝子、孝道,在,本地识字表文件(部编版)
1659,暴,bao,三上,3,上,暴风、暴雨、风暴,在,本地识字表文件(部编版)
1660,哦,o,三上,3,上,吟哦、哦豁、哦买嘎、哦呀,缺,本地识字表文件(部编版)
1661,喵,miao,三上,3,上,喵喵、喵星人、喵喵叫、喵呜,在,本地识字表文件(部编版)
1662,孵,fu,三上,3,上,孵化、孵蛋、孵卵、孵育,在,本地识字表文件(部编版)
1663,叽,ji,三上,3,上,叽叽喳喳、叽叽咕咕、叽里咕噜、叽咕,在,本地识字表文件(部编版)
1664,偶,ou,三上,3,上,偶尔、偶然、布偶,在,本地识字表文件(部编版)
1665,尔,er,三上,3,上,莞尔、尔后、海尔,在,本地识字表文件(部编版)
1666,萝,luo,三上,3,上,萝卜、菠萝、绿萝,在,本地识字表文件(部编版)
1667,卜,bo,三上,3,上,萝卜、胡萝卜、红萝卜,在,本地识字表文件(部编版)
1668,愁,chou,三上,3,上,发愁、忧愁、乡愁,在,本地识字表文件(部编版)
1669,沾,zhan,三上,3,上,沾光、沾满、沾湿,在,本地识字表文件(部编版)
1670,继,ji,三上,3,上,继续、相继、继承,在,本地识字表文件(部编版)
1671,晾,liang,三上,3,上,晾干、晾晒、晾衣架、晾衣绳,在,本地识字表文件(部编版)
1672,尿,niao,三上,3,上,尿布、尿片、尿道,缺,本地识字表文件(部编版)
1673,吗,ma,三上,3,上,好吗、对吗、干吗、是吗,在,本地识字表文件(部编版)
1674,讨,tao,三上,3,上,讨厌、讨论、讨教,在,本地识字表文件(部编版)
1675,厌,yan,三上,3,上,讨厌、厌恶、厌倦,在,本地识字表文件(部编版)
1676,怒,nu,三上,3,上,发怒、怒气、怒火,在,本地识字表文件(部编版)
1677,批,pi,三上,3,上,批改、批评、批语,在,本地识字表文件(部编版)
1678,访,fang,三上,3,上,访问、家访、来访,在,本地识字表文件(部编版)
1679,差,cha,三上,3,上,差不多、差一点、很差,在,本地识字表文件(部编版)
1680,默,mo,三上,3,上,默写、沉默、默默无闻,在,本地识字表文件(部编版)
1681,模,mo,三上,3,上,模仿、模范、模型,在,本地识字表文件(部编版)
1682,疯,feng,三上,3,上,发疯、疯狂、疯跑,在,本地识字表文件(部编版)
1683,汪,wang,三上,3,上,汪汪、水汪汪、汪洋,在,本地识字表文件(部编版)
1684,搞,gao,三上,3,上,搞定、搞好、搞笑、搞卫生,在,本地识字表文件(部编版)
1685,轴,zhou,三上,3,上,车轴、线轴、画轴,在,本地识字表文件(部编版)
1686,基,ji,三上,3,上,基础、地基、基本,在,本地识字表文件(部编版)
1687,础,chu,三上,3,上,基础、零基础、础石,在,本地识字表文件(部编版)
1688,阁,ge,三上,3,上,阁楼、楼阁、阁下,在,本地识字表文件(部编版)
1689,佳,jia,三上,3,上,佳作、佳节、佳音,在,本地识字表文件(部编版)
1690,盲,mang,三上,3,上,盲人、盲道、盲文,在,本地识字表文件(部编版)
1691,唐,tang,三上,3,上,唐朝、荒唐、大唐,在,本地识字表文件(部编版)
1692,父,fu,三上,3,上,父亲、父母、父子,在,本地识字表文件(部编版)
1693,鹦,ying,三上,3,上,鹦鹉、鹦哥、鹦鹉螺,在,本地识字表文件(部编版)
1694,鹉,wu,三上,3,上,鹦鹉、鹦鹉螺、鹦鹉鱼,在,本地识字表文件(部编版)
1695,悄,qiao,三上,3,上,悄悄、悄悄话、静悄悄,在,本地识字表文件(部编版)
1696,蒲,pu,三上,3,上,蒲扇、蒲草、蒲团,在,本地识字表文件(部编版)
1697,英,ying,三上,3,上,英语、英国、英雄,在,本地识字表文件(部编版)
1698,耍,shua,三上,3,上,玩耍、耍宝、耍赖,在,本地识字表文件(部编版)
1699,欠,qian,三上,3,上,哈欠、欠费、欠身,在,本地识字表文件(部编版)
1700,钓,diao,三上,3,上,钓鱼、垂钓、钓竿,在,本地识字表文件(部编版)
1701,拢,long,三上,3,上,合拢、聚拢、收拢,在,本地识字表文件(部编版)
1702,亦,yi,三上,3,上,亦是、亦可、亦然,在,本地识字表文件(部编版)
1703,宜,yi,三上,3,上,宜人、相宜、便宜,在,本地识字表文件(部编版)
1704,庭,ting,三上,3,上,家庭、庭院、法庭,在,本地识字表文件(部编版)
1705,未,wei,三上,3,上,未来、未必、未知,在,本地识字表文件(部编版)
1706,盘,pan,三上,3,上,盘子、果盘、棋盘,在,本地识字表文件(部编版)
1707,饶,rao,三上,3,上,富饶、饶过、饶舌,在,本地识字表文件(部编版)
1708,优,you,三上,3,上,优点、优美、优秀,在,本地识字表文件(部编版)
1709,瑰,gui,三上,3,上,玫瑰、瑰宝、瑰丽,在,本地识字表文件(部编版)
1710,岩,yan,三上,3,上,岩石、岩洞、岩壁,在,本地识字表文件(部编版)
1711,武,wu,三上,3,上,武术、武力、动武,在,本地识字表文件(部编版)
1712,栖,qi,三上,3,上,栖息、栖居、两栖,在,本地识字表文件(部编版)
1713,粪,fen,三上,3,上,粪便、鸟粪、粪土,在,本地识字表文件(部编版)
1714,辈,bei,三上,3,上,长辈、辈分、一辈子,在,本地识字表文件(部编版)
1715,滨,bin,三上,3,上,海滨、湖滨、滨江,在,本地识字表文件(部编版)
1716,鸥,ou,三上,3,上,海鸥、小鸥、银鸥,在,本地识字表文件(部编版)
1717,胳,ge,三上,3,上,胳膊、胳臂、胳膊肘,在,本地识字表文件(部编版)
1718,睬,cai,三上,3,上,理睬、不理不睬、不瞅不睬,在,本地识字表文件(部编版)
1719,载,zai,三上,3,上,载人、载重、下载,在,本地识字表文件(部编版)
1720,凰,huang,三上,3,上,凤凰、凤凰城、凤凰木,在,本地识字表文件(部编版)
1721,亚,ya,三上,3,上,亚洲、亚军、三亚,在,本地识字表文件(部编版)
1722,榕,rong,三上,3,上,榕树、榕城、榕江、大榕树,在,本地识字表文件(部编版)
1723,凳,deng,三上,3,上,凳子、板凳、长凳,在,本地识字表文件(部编版)
1724,逢,feng,三上,3,上,相逢、重逢、每逢,在,本地识字表文件(部编版)
1725,除,chu,三上,3,上,除法、清除、除外,在,本地识字表文件(部编版)
1726,融,rong,三上,3,上,融化、融合、融洽,在,本地识字表文件(部编版)
1727,侧,ce,三上,3,上,侧面、侧身、侧耳,在,本地识字表文件(部编版)
1728,欣,xin,三上,3,上,欣喜、欣赏、欢欣,在,本地识字表文件(部编版)
1729,浸,jin,三上,3,上,浸泡、沉浸、浸湿,在,本地识字表文件(部编版)
1730,乳,ru,三上,3,上,乳白、乳牙、乳制品,在,本地识字表文件(部编版)
1731,耀,yao,三上,3,上,耀眼、照耀、闪耀,缺,本地识字表文件(部编版)
1732,梢,shao,三上,3,上,树梢、眉梢、发梢,在,本地识字表文件(部编版)
1733,显,xian,三上,3,上,明显、显眼、显示,在,本地识字表文件(部编版)
1734,膝,xi,三上,3,上,膝盖、护膝、双膝,在,本地识字表文件(部编版)
1735,眠,mian,三上,3,上,睡眠、冬眠、失眠,在,本地识字表文件(部编版)
1736,库,ku,三上,3,上,水库、车库、仓库,在,本地识字表文件(部编版)
1737,蝌,ke,三上,3,上,蝌蚪、小蝌蚪、蝌蚪文、蝌斗,在,本地识字表文件(部编版)
1738,蚪,dou,三上,3,上,蝌蚪、小蝌蚪、蚪蝌、蝌蚪文,在,本地识字表文件(部编版)
1739,蛾,e,三上,3,上,飞蛾、蛾子、蚕蛾,在,本地识字表文件(部编版)
1740,鲤,li,三上,3,上,鲤鱼、锦鲤、鲤城,在,本地识字表文件(部编版)
1741,鲫,ji,三上,3,上,鲫鱼、银鲫、鲫瓜儿,在,本地识字表文件(部编版)
1742,鲨,sha,三上,3,上,鲨鱼、大白鲨、鲸鲨、食人鲨,在,本地识字表文件(部编版)
1743,妙,miao,三上,3,上,美妙、奇妙、巧妙,在,本地识字表文件(部编版)
1744,奏,zou,三上,3,上,演奏、节奏、合奏,在,本地识字表文件(部编版)
1745,喃,nan,三上,3,上,呢喃、喃喃、喃喃自语,在,本地识字表文件(部编版)
1746,伟,wei,三上,3,上,伟大、雄伟、伟人,在,本地识字表文件(部编版)
1747,击,ji,三上,3,上,击球、打击、击中,在,本地识字表文件(部编版)
1748,汇,hui,三上,3,上,汇合、词汇、汇总,在,本地识字表文件(部编版)
1749,喳,zha,三上,3,上,喳喳、叽叽喳喳、唧唧喳喳,在,本地识字表文件(部编版)
1750,唧,ji,三上,3,上,唧唧、吧唧、哼唧,缺,本地识字表文件(部编版)
1751,哩,li,三上,3,上,稀哩哗啦、哩哩啦啦、哩哩罗罗,缺,本地识字表文件(部编版)
1752,仅,jin,三上,3,上,不仅、仅仅、仅次于,在,本地识字表文件(部编版)
1753,麻,ma,三上,3,上,芝麻、麻烦、麻木,在,本地识字表文件(部编版)
1754,旋,xuan,三上,3,上,旋转、盘旋、旋风,在,本地识字表文件(部编版)
1755,佩,pei,三上,3,上,佩服、敬佩、玉佩,在,本地识字表文件(部编版)
1756,姿,zi,三上,3,上,姿势、姿态、舞姿,在,本地识字表文件(部编版)
1757,态,tai,三上,3,上,态度、心态、状态,缺,本地识字表文件(部编版)
1758,梨,li,三上,3,上,梨子、雪梨、梨树,缺,本地识字表文件(部编版)
1759,笋,sun,三上,3,上,竹笋、春笋、冬笋,在,本地识字表文件(部编版)
1760,寸,cun,三上,3,上,尺寸、分寸、一寸,缺,本地识字表文件(部编版)
1761,副,fu,三上,3,上,副词、副本、全副,缺,本地识字表文件(部编版)
1762,爽,shuang,三上,3,上,清爽、凉爽、爽口,在,本地识字表文件(部编版)
1763,黎,li,三上,3,上,黎明、黎民、巴黎,在,本地识字表文件(部编版)
1764,凝,ning,三上,3,上,凝视、凝结、凝神,在,本地识字表文件(部编版)
1765,畅,chang,三上,3,上,畅通、舒畅、畅想,在,本地识字表文件(部编版)
1766,瞬,shun,三上,3,上,瞬间、一瞬、转瞬,在,本地识字表文件(部编版)
1767,猎,lie,三上,3,上,猎人、打猎、猎狗,在,本地识字表文件(部编版)
1768,司,si,三上,3,上,司机、公司、司南,在,本地识字表文件(部编版)
1769,跌,die,三上,3,上,跌倒、跌落、跌跤,在,本地识字表文件(部编版)
1770,皆,jie,三上,3,上,皆大欢喜、人人皆知、尽人皆知,在,本地识字表文件(部编版)
1771,弃,qi,三上,3,上,放弃、丢弃、弃权,在,本地识字表文件(部编版)
1772,宁,ning,三上,3,上,安宁、宁静、宁可,在,本地识字表文件(部编版)
1773,胸,xiong,三上,3,上,胸口、心胸、胸怀,在,本地识字表文件(部编版)
1774,脯,pu,三上,3,上,胸脯、拍胸脯、脯子,在,本地识字表文件(部编版)
1775,惹,re,三上,3,上,惹事、招惹、好惹,在,本地识字表文件(部编版)
1776,仰,yang,三上,3,上,仰头、仰望、敬仰,在,本地识字表文件(部编版)
1777,渣,zha,三上,3,上,残渣、油渣、豆渣,在,本地识字表文件(部编版)
1778,或,huo,三上,3,上,或者、或许、或是,在,本地识字表文件(部编版)
1779,者,zhe,三上,3,上,学者、作者、长者,在,本地识字表文件(部编版)
1780,惜,xi,三上,3,上,珍惜、爱惜、可惜,在,本地识字表文件(部编版)
1781,诚,cheng,三上,3,上,诚实、真诚、诚心,在,本地识字表文件(部编版)
1782,棒,bang,三上,3,上,棒球、冰棒、真棒,在,本地识字表文件(部编版)
1783,恩,en,三上,3,上,恩人、恩情、报恩,在,本地识字表文件(部编版)
1784,撤,che,三上,3,上,撤回、撤离、撤走、撤出,在,本地识字表文件(部编版)
1785,险,xian,三上,3,上,保险、冒险、危险,在,本地识字表文件(部编版)
1786,瓦,wa,三上,3,上,瓦片、砖瓦、瓦解,在,本地识字表文件(部编版)
1787,帘,lian,三上,3,上,窗帘、门帘、卷帘,在,本地识字表文件(部编版)
1788,迅,xun,三上,3,上,迅速、迅雷、鲁迅,在,本地识字表文件(部编版)
1789,速,su,三上,3,上,速度、高速、快速,在,本地识字表文件(部编版)
1790,夺,duo,三上,3,上,夺目、争夺、夺取,在,本地识字表文件(部编版)
1791,秒,miao,三上,3,上,秒表、秒回、秒杀,在,本地识字表文件(部编版)
1792,陈,chen,三上,3,上,陈列、陈旧、陈皮,在,本地识字表文件(部编版)
1793,曼,man,三上,3,上,曼舞、轻歌曼舞、曼谷,缺,本地识字表文件(部编版)
1794,缸,gang,三上,3,上,鱼缸、水缸、浴缸,缺,本地识字表文件(部编版)
1795,还,hai,三上,3,上,还有、还是、还好,在,本地识字表文件(部编版)
1796,顿,dun,三上,3,上,顿时、顿号、安顿,在,本地识字表文件(部编版)
1797,侦,zhen,三上,3,上,侦探、侦破、侦查、刑侦,缺,本地识字表文件(部编版)
1798,睁,zheng,三上,3,上,睁开、睁眼、眼睁睁,缺,本地识字表文件(部编版)
1799,眨,zha,三上,3,上,眨眼、眨巴、一眨眼,在,本地识字表文件(部编版)
1800,瞪,deng,三上,3,上,瞪眼、目瞪口呆、直瞪瞪,在,本地识字表文件(部编版)
1801,瞅,chou,三上,3,上,瞅见、瞅瞅、东瞧西瞅,在,本地识字表文件(部编版)
1802,眶,kuang,三上,3,上,眼眶、盈眶、热泪盈眶,在,本地识字表文件(部编版)
1803,睹,du,三上,3,上,目睹、亲眼目睹、有目共睹,在,本地识字表文件(部编版)
1804,鸳,yuan,三下,3,下,鸳鸯、鸳鸯锅、鸳鸯戏水,在,本地识字表文件(部编版)
1805,鸯,yang,三下,3,下,鸳鸯、鸳鸯湖、鸳鸯戏水,在,本地识字表文件(部编版)
1806,惠,hui,三下,3,下,实惠、优惠、恩惠,在,本地识字表文件(部编版)
1807,崇,chong,三下,3,下,崇高、推崇、崇山峻岭,在,本地识字表文件(部编版)
1808,豚,tun,三下,3,下,海豚、河豚、豚鼠,缺,本地识字表文件(部编版)
1809,减,jian,三下,3,下,减法、减号、减分,在,本地识字表文件(部编版)
1810,凑,cou,三下,3,下,凑齐、凑近、凑热闹,在,本地识字表文件(部编版)
1811,伶,ling,三下,3,下,伶俐、伶仃、伶人,缺,本地识字表文件(部编版)
1812,俐,li,三下,3,下,伶俐、俐落、口齿伶俐,缺,本地识字表文件(部编版)
1813,横,heng,三下,3,下,横线、横竖、横跨,缺,本地识字表文件(部编版)
1814,翼,yi,三下,3,下,机翼、翼龙、比翼,缺,本地识字表文件(部编版)
1815,漾,yang,三下,3,下,荡漾、漾开、微漾、漾起,缺,本地识字表文件(部编版)
1816,倦,juan,三下,3,下,疲倦、困倦、厌倦,在,本地识字表文件(部编版)
1817,闲,xian,三下,3,下,空闲、闲事、闲人,在,本地识字表文件(部编版)
1818,纤,xian,三下,3,下,纤细、纤小、光纤,在,本地识字表文件(部编版)
1819,痕,hen,三下,3,下,伤痕、裂痕、泪痕,在,本地识字表文件(部编版)
1820,蓬,peng,三下,3,下,蓬松、蓬乱、蓬勃,在,本地识字表文件(部编版)
1821,胀,zhang,三下,3,下,肿胀、发胀、胀大,在,本地识字表文件(部编版)
1822,势,shi,三下,3,下,手势、气势、山势,在,本地识字表文件(部编版)
1823,翩,pian,三下,3,下,翩翩、翩翩起舞、联翩,缺,本地识字表文件(部编版)
1824,蹈,dao,三下,3,下,舞蹈、舞蹈家、手舞足蹈,在,本地识字表文件(部编版)
1825,录,lu,三下,3,下,录音、录制、语录,在,本地识字表文件(部编版)
1826,凡,fan,三下,3,下,平凡、凡事、不凡,缺,本地识字表文件(部编版)
1827,敏,min,三下,3,下,敏捷、灵敏、机敏,缺,本地识字表文件(部编版)
1828,距,ju,三下,3,下,距离、相距、间距,缺,本地识字表文件(部编版)
1829,款,kuan,三下,3,下,新款、同款、公款,缺,本地识字表文件(部编版)
1830,绸,chou,三下,3,下,丝绸、绸缎、绸子,缺,本地识字表文件(部编版)
1831,膜,mo,三下,3,下,面膜、耳膜、脑膜,缺,本地识字表文件(部编版)
1832,瞎,xia,三下,3,下,瞎说、瞎话、黑灯瞎火,缺,本地识字表文件(部编版)
1833,益,yi,三下,3,下,有益、公益、日益,缺,本地识字表文件(部编版)
1834,约,yue,三下,3,下,大约、约会、约定,在,本地识字表文件(部编版)
1835,斑,ban,三下,3,下,斑马、斑点、花斑,缺,本地识字表文件(部编版)
1836,援,yuan,三下,3,下,支援、援手、援军,缺,本地识字表文件(部编版)
1837,掷,zhi,三下,3,下,投掷、抛掷、掷骰子,缺,本地识字表文件(部编版)
1838,投,tou,三下,3,下,投中、投手、投篮,在,本地识字表文件(部编版)
1839,捞,lao,三下,3,下,打捞、捕捞、捞鱼,缺,本地识字表文件(部编版)
1840,缚,fu,三下,3,下,束缚、绑缚、缚住,缺,本地识字表文件(部编版)
1841,缭,liao,三下,3,下,缭乱、缭绕、眼花缭乱,缺,本地识字表文件(部编版)
1842,络,luo,三下,3,下,网络、联络、络绎不绝,缺,本地识字表文件(部编版)
1843,资,zi,三下,3,下,天资、资金、物资,缺,本地识字表文件(部编版)
1844,贡,gong,三下,3,下,贡献、贡品、贡米,缺,本地识字表文件(部编版)
1845,贷,dai,三下,3,下,房贷、车贷、贷款,缺,本地识字表文件(部编版)
1846,宋,song,三下,3,下,宋朝、宋代、宋体,在,本地识字表文件(部编版)
1847,耕,geng,三下,3,下,耕地、耕种、春耕,在,本地识字表文件(部编版)
1848,释,shi,三下,3,下,解释、释放、手不释卷,在,本地识字表文件(部编版)
1849,冀,ji,三下,3,下,希冀、冀望、冀州,缺,本地识字表文件(部编版)
1850,陶,tao,三下,3,下,陶器、陶艺、陶醉,缺,本地识字表文件(部编版)
1851,罐,guan,三下,3,下,罐子、罐头、铁罐,缺,本地识字表文件(部编版)
1852,骄,jiao,三下,3,下,骄傲、骄阳、骄人,在,本地识字表文件(部编版)
1853,谦,qian,三下,3,下,谦虚、谦让、谦和,在,本地识字表文件(部编版)
1854,虚,xu,三下,3,下,虚心、心虚、虚线,在,本地识字表文件(部编版)
1855,懦,nuo,三下,3,下,懦弱、懦夫、怯懦,在,本地识字表文件(部编版)
1856,弱,ruo,三下,3,下,弱小、弱点、微弱,在,本地识字表文件(部编版)
1857,恼,nao,三下,3,下,苦恼、烦恼、恼火,缺,本地识字表文件(部编版)
1858,逝,shi,三下,3,下,流逝、消逝、逝去,缺,本地识字表文件(部编版)
1859,讶,ya,三下,3,下,惊讶、讶异、怪讶、讶然,在,本地识字表文件(部编版)
1860,价,jia,三下,3,下,价钱、价格、高价,在,本地识字表文件(部编版)
1861,匀,yun,三下,3,下,均匀、匀称、匀速,在,本地识字表文件(部编版)
1862,皱,zhou,三下,3,下,皱眉、皱纹、皱起,缺,本地识字表文件(部编版)
1863,配,pei,三下,3,下,配合、相配、分配,在,本地识字表文件(部编版)
1864,怨,yuan,三下,3,下,抱怨、怨言、怨气,缺,本地识字表文件(部编版)
1865,狮,shi,三下,3,下,狮子、海狮、舞狮,在,本地识字表文件(部编版)
1866,逼,bi,三下,3,下,逼真、逼迫、逼人,缺,本地识字表文件(部编版)
1867,滔,tao,三下,3,下,滔滔、滔天、洪水滔滔,缺,本地识字表文件(部编版)
1868,涯,ya,三下,3,下,天涯、生涯、天涯海角,缺,本地识字表文件(部编版)
1869,妇,fu,三下,3,下,妇女、夫妇、主妇,缺,本地识字表文件(部编版)
1870,碌,lu,三下,3,下,忙碌、劳碌、一骨碌,缺,本地识字表文件(部编版)
1871,遵,zun,三下,3,下,遵守、遵照、遵命,缺,本地识字表文件(部编版)
1872,循,xun,三下,3,下,循环、遵循、循序,缺,本地识字表文件(部编版)
1873,验,yan,三下,3,下,实验、经验、体验,在,本地识字表文件(部编版)
1874,屠,tu,三下,3,下,屠夫、屠户、浮屠,缺,本地识字表文件(部编版)
1875,苏,su,三下,3,下,苏州、江苏、苏醒,在,本地识字表文件(部编版)
1876,魂,hun,三下,3,下,灵魂、鬼魂、魂魄,在,本地识字表文件(部编版)
1877,酒,jiu,三下,3,下,酒水、白酒、酒店,在,本地识字表文件(部编版)
1878,牧,mu,三下,3,下,牧场、牧民、放牧,在,本地识字表文件(部编版)
1879,兄,xiong,三下,3,下,兄长、师兄、表兄,在,本地识字表文件(部编版)
1880,倍,bei,三下,3,下,加倍、百倍、倍数,在,本地识字表文件(部编版)
1881,存,cun,三下,3,下,保存、存钱、生存,在,本地识字表文件(部编版)
1882,普,pu,三下,3,下,普通、普及、科普,在,本地识字表文件(部编版)
1883,制,zhi,三下,3,下,制作、自制、制服,缺,本地识字表文件(部编版)
1884,糙,cao,三下,3,下,粗糙、糙米、毛糙、糙米饭,缺,本地识字表文件(部编版)
1885,蔡,cai,三下,3,下,蔡伦、蔡锷、蔡襄、上蔡,缺,本地识字表文件(部编版)
1886,伦,lun,三下,3,下,天伦、伦理、伦敦,缺,本地识字表文件(部编版)
1887,欧,ou,三下,3,下,欧洲、西欧、东欧,在,本地识字表文件(部编版)
1888,洲,zhou,三下,3,下,亚洲、美洲、大洲,在,本地识字表文件(部编版)
1889,社,she,三下,3,下,社会、社区、社长,在,本地识字表文件(部编版)
1890,县,xian,三下,3,下,县城、县长、县令,在,本地识字表文件(部编版)
1891,拱,gong,三下,3,下,拱手、拱门、拱形,缺,本地识字表文件(部编版)
1892,济,ji,三下,3,下,经济、济公、救济,在,本地识字表文件(部编版)
1893,匠,jiang,三下,3,下,木匠、铁匠、花匠,在,本地识字表文件(部编版)
1894,计,ji,三下,3,下,计划、计算、计分,在,本地识字表文件(部编版)
1895,史,shi,三下,3,下,历史、史书、文史,在,本地识字表文件(部编版)
1896,智,zhi,三下,3,下,智慧、智力、机智,在,本地识字表文件(部编版)
1897,慧,hui,三下,3,下,智慧、聪慧、慧眼,在,本地识字表文件(部编版)
1898,历,li,三下,3,下,日历、经历、学历,在,本地识字表文件(部编版)
1899,择,ze,三下,3,下,选择、择日、择优,缺,本地识字表文件(部编版)
1900,宫,gong,三下,3,下,故宫、天宫、皇宫,缺,本地识字表文件(部编版)
1901,摊,tan,三下,3,下,摊开、小摊、摊子,缺,本地识字表文件(部编版)
1902,贩,fan,三下,3,下,小贩、商贩、贩卖,缺,本地识字表文件(部编版)
1903,吏,li,三下,3,下,官吏、吏部、狱吏,缺,本地识字表文件(部编版)
1904,驴,lv,三下,3,下,毛驴、驴子、野驴,在,本地识字表文件(部编版)
1905,栏,lan,三下,3,下,栏杆、护栏、牛栏,缺,本地识字表文件(部编版)
1906,貌,mao,三下,3,下,外貌、面貌、相貌,缺,本地识字表文件(部编版)
1907,税,shui,三下,3,下,纳税、税金、税收,缺,本地识字表文件(部编版)
1908,档,dang,三下,3,下,档案、文档、高档,缺,本地识字表文件(部编版)
1909,咖,ka,三下,3,下,咖啡、大咖、猫咖、网咖,缺,本地识字表文件(部编版)
1910,啡,fei,三下,3,下,咖啡、咖啡色、咖啡机、咖啡师,缺,本地识字表文件(部编版)
1911,阅,yue,三下,3,下,阅读、翻阅、阅兵,缺,本地识字表文件(部编版)
1912,废,fei,三下,3,下,废品、作废、报废,缺,本地识字表文件(部编版)
1913,贸,mao,三下,3,下,贸易、外贸、商贸,缺,本地识字表文件(部编版)
1914,芬,fen,三下,3,下,芬芳、芬香、芬兰,在,本地识字表文件(部编版)
1915,芳,fang,三下,3,下,芳香、芬芳、芳草,在,本地识字表文件(部编版)
1916,系,xi,三下,3,下,关系、联系、体系,在,本地识字表文件(部编版)
1917,燥,zao,三下,3,下,干燥、枯燥、燥热,缺,本地识字表文件(部编版)
1918,适,shi,三下,3,下,适合、合适、舒适,缺,本地识字表文件(部编版)
1919,雅,ya,三下,3,下,优雅、高雅、文雅,缺,本地识字表文件(部编版)
1920,吻,wen,三下,3,下,吻合、口吻、亲吻,缺,本地识字表文件(部编版)
1921,组,zu,三下,3,下,小组、组长、组成,在,本地识字表文件(部编版)
1922,概,gai,三下,3,下,大概、概念、气概,缺,本地识字表文件(部编版)
1923,阻,zu,三下,3,下,阻挡、阻力、受阻,在,本地识字表文件(部编版)
1924,测,ce,三下,3,下,测量、预测、体测,在,本地识字表文件(部编版)
1925,括,kuo,三下,3,下,包括、括号、概括,在,本地识字表文件(部编版)
1926,误,wu,三下,3,下,错误、误会、口误,在,本地识字表文件(部编版)
1927,逆,ni,三下,3,下,逆风、逆行、逆流,缺,本地识字表文件(部编版)
1928,途,tu,三下,3,下,前途、途中、长途,在,本地识字表文件(部编版)
1929,陌,mo,三下,3,下,陌生、陌路、陌生人,在,本地识字表文件(部编版)
1930,超,chao,三下,3,下,超市、超人、高超,缺,本地识字表文件(部编版)
1931,隙,xi,三下,3,下,缝隙、空隙、间隙,缺,本地识字表文件(部编版)
1932,掀,xian,三下,3,下,掀开、掀起、掀翻,缺,本地识字表文件(部编版)
1933,逐,zhu,三下,3,下,逐渐、逐一、追逐,在,本地识字表文件(部编版)
1934,末,mo,三下,3,下,周末、年末、末尾,缺,本地识字表文件(部编版)
1935,搏,bo,三下,3,下,拼搏、搏斗、搏击,缺,本地识字表文件(部编版)
1936,较,jiao,三下,3,下,比较、较量、计较,缺,本地识字表文件(部编版)
1937,腹,fu,三下,3,下,腹部、空腹、腹地,缺,本地识字表文件(部编版)
1938,淌,tang,三下,3,下,流淌、淌下、淌泪、淌口水,在,本地识字表文件(部编版)
1939,秘,mi,三下,3,下,秘密、神秘、秘书,在,本地识字表文件(部编版)
1940,栋,dong,三下,3,下,栋梁、楼栋、独栋,在,本地识字表文件(部编版)
1941,吁,xu,三下,3,下,呼吁、吁请、吁吁,缺,本地识字表文件(部编版)
1942,绪,xu,三下,3,下,情绪、思绪、头绪,在,本地识字表文件(部编版)
1943,篇,pian,三下,3,下,篇章、名篇、开篇,在,本地识字表文件(部编版)
1944,痒,yang,三下,3,下,怕痒、发痒、抓痒,缺,本地识字表文件(部编版)
1945,鳄,e,三下,3,下,鳄鱼、扬子鳄、鳄鱼夹,缺,本地识字表文件(部编版)
1946,零,ling,三下,3,下,零食、零钱、零下,在,本地识字表文件(部编版)
1947,肠,chang,三下,3,下,香肠、肠胃、心肠,在,本地识字表文件(部编版)
1948,醋,cu,三下,3,下,白醋、陈醋、糖醋,缺,本地识字表文件(部编版)
1949,馋,chan,三下,3,下,嘴馋、馋嘴、馋猫,在,本地识字表文件(部编版)
1950,墨,mo,三下,3,下,墨水、水墨、墨汁,在,本地识字表文件(部编版)
1951,染,ran,三下,3,下,染色、传染、染布,在,本地识字表文件(部编版)
1952,碎,sui,三下,3,下,打碎、碎片、碎石,在,本地识字表文件(部编版)
1953,浪,lang,三下,3,下,浪花、海浪、风浪,在,本地识字表文件(部编版)
1954,溅,jian,三下,3,下,飞溅、四溅、溅落,缺,本地识字表文件(部编版)
1955,剃,ti,三下,3,下,剃头、剃刀、剃须刀、剃光头,缺,本地识字表文件(部编版)
1956,执,zhi,三下,3,下,执行、执法、执意,缺,本地识字表文件(部编版)
1957,否,fou,三下,3,下,是否、否定、否认,缺,本地识字表文件(部编版)
1958,骂,ma,三下,3,下,骂人、打骂、责骂,在,本地识字表文件(部编版)
1959,仇,chou,三下,3,下,仇恨、仇人、报仇,在,本地识字表文件(部编版)
1960,惯,guan,三下,3,下,习惯、惯用、娇惯,缺,本地识字表文件(部编版)
1961,刑,xing,三下,3,下,刑法、刑事、判刑,缺,本地识字表文件(部编版)
1962,厘,li,三下,3,下,厘米、厘清、毫厘,缺,本地识字表文件(部编版)
1963,摸,mo,三下,3,下,抚摸、摸索、摸黑,缺,本地识字表文件(部编版)
1964,廊,lang,三下,3,下,走廊、画廊、长廊、回廊,在,本地识字表文件(部编版)
1965,剩,sheng,三下,3,下,剩下、剩余、剩饭,在,本地识字表文件(部编版)
1966,悠,you,三下,3,下,悠闲、悠扬、悠然,在,本地识字表文件(部编版)
1967,若,ruo,三下,3,下,若干、如若、自若,在,本地识字表文件(部编版)
1968,娇,jiao,三下,3,下,撒娇、娇气、娇小,在,本地识字表文件(部编版)
1969,薄,bao,三下,3,下,单薄、薄饼、薄片,缺,本地识字表文件(部编版)
1970,颤,chan,三下,3,下,颤动、打颤、颤音,缺,本地识字表文件(部编版)
1971,巍,wei,三下,3,下,巍峨、巍然、巍巍,缺,本地识字表文件(部编版)
1972,巅,dian,三下,3,下,山巅、巅峰、峰巅、巅顶,缺,本地识字表文件(部编版)
1973,婴,ying,三下,3,下,婴儿、婴孩、育婴,在,本地识字表文件(部编版)
1974,庆,qing,三下,3,下,国庆、庆祝、庆生,缺,本地识字表文件(部编版)
1975,盼,pan,三下,3,下,盼望、期盼、盼头,缺,本地识字表文件(部编版)
1976,叠,die,三下,3,下,重叠、叠加、叠纸,缺,本地识字表文件(部编版)
1977,歉,qian,三下,3,下,道歉、抱歉、歉意,缺,本地识字表文件(部编版)
1978,旭,xu,三下,3,下,旭日、旭辉、张旭,缺,本地识字表文件(部编版)
1979,屿,yu,三下,3,下,岛屿、鼓浪屿、大屿山、彭佳屿,缺,本地识字表文件(部编版)
1980,瞭,liao,三下,3,下,瞭望、瞭望台、瞭望塔、瞭望哨,缺,本地识字表文件(部编版)
1981,巡,xun,三下,3,下,巡逻、巡查、巡回,缺,本地识字表文件(部编版)
1982,缆,lan,三下,3,下,缆车、电缆、缆绳、钢缆,缺,本地识字表文件(部编版)
1983,锚,mao,三下,3,下,抛锚、下锚、起锚、锚链,缺,本地识字表文件(部编版)
1984,呈,cheng,三下,3,下,呈现、呈交、呈送,在,本地识字表文件(部编版)
1985,蔚,wei,三下,3,下,蔚蓝、蔚起、蔚为,缺,本地识字表文件(部编版)
1986,雕,diao,三下,3,下,雕塑、冰雕、石雕,缺,本地识字表文件(部编版)
1987,幻,huan,三下,3,下,幻想、科幻、幻灯,在,本地识字表文件(部编版)
1988,辉,hui,三下,3,下,光辉、辉煌、生辉,缺,本地识字表文件(部编版)
1989,芒,mang,三下,3,下,光芒、芒果、锋芒,在,本地识字表文件(部编版)
1990,剑,jian,三下,3,下,木剑、利剑、剑法,在,本地识字表文件(部编版)
1991,型,xing,三下,3,下,大型、小型、中型、发型,在,本地识字表文件(部编版)
1992,窃,qie,三下,3,下,失窃、窃喜、窃取,缺,本地识字表文件(部编版)
1993,私,si,三下,3,下,无私、私人、私心,缺,本地识字表文件(部编版)
1994,警,jing,三下,3,下,警察、警车、火警,缺,本地识字表文件(部编版)
1995,肌,ji,三下,3,下,肌肉、心肌、腹肌,缺,本地识字表文件(部编版)
1996,达,da,三下,3,下,到达、发达、达人,缺,本地识字表文件(部编版)
1997,胞,bao,三下,3,下,细胞、同胞、胞弟,缺,本地识字表文件(部编版)
1998,煤,mei,三下,3,下,煤炭、煤气、煤球、煤油,在,本地识字表文件(部编版)
1999,储,chu,三下,3,下,储存、储藏、储蓄,缺,本地识字表文件(部编版)
2000,属,shu,三下,3,下,金属、属相、家属,缺,本地识字表文件(部编版)
2001,喂,wei,三下,3,下,喂养、喂食、喂奶,在,本地识字表文件(部编版)
2002,盈,ying,三下,3,下,轻盈、充盈、盈利,缺,本地识字表文件(部编版)
2003,彤,tong,三下,3,下,红彤彤、彤云、彤彤,缺,本地识字表文件(部编版)
2004,跪,gui,三下,3,下,下跪、跪下、跪拜,缺,本地识字表文件(部编版)
2005,庙,miao,三下,3,下,庙会、寺庙、庙门,在,本地识字表文件(部编版)
2006,镇,zhen,三下,3,下,镇静、小镇、镇长,在,本地识字表文件(部编版)
2007,揉,rou,三下,3,下,揉面、揉搓、揉碎,缺,本地识字表文件(部编版)
2008,箱,xiang,三下,3,下,箱子、皮箱、冰箱,缺,本地识字表文件(部编版)
2009,夸,kua,三下,3,下,夸奖、夸赞、夸张,在,本地识字表文件(部编版)
2010,歪,wai,三下,3,下,歪斜、歪嘴、歪曲,缺,本地识字表文件(部编版)
2011,承,cheng,三下,3,下,传承、承认、承包,缺,本地识字表文件(部编版)
2012,袖,xiu,三下,3,下,袖子、长袖、袖口,缺,本地识字表文件(部编版)
2013,衬,chen,三下,3,下,衬衣、衬托、内衬、相衬,在,本地识字表文件(部编版)
2014,衫,shan,三下,3,下,衬衫、汗衫、衣衫,在,本地识字表文件(部编版)
2015,负,fu,三下,3,下,负责、胜负、负担,在,本地识字表文件(部编版)
2016,泄,xie,三下,3,下,泄气、发泄、泄露,缺,本地识字表文件(部编版)
2017,艺,yi,三下,3,下,手艺、文艺、武艺,在,本地识字表文件(部编版)
2018,橱,chu,三下,3,下,书橱、衣橱、橱窗,缺,本地识字表文件(部编版)
2019,蕉,jiao,三下,3,下,香蕉、芭蕉、美人蕉,缺,本地识字表文件(部编版)
2020,扣,kou,三下,3,下,扣子、扣分、扣球,缺,本地识字表文件(部编版)
2021,嚷,rang,三下,3,下,叫嚷、吵嚷、嚷嚷、吵吵嚷嚷,缺,本地识字表文件(部编版)
2022,筒,tong,三下,3,下,电筒、笔筒、气筒、话筒,缺,本地识字表文件(部编版)
2023,董,dong,三下,3,下,古董、董事、董事长,缺,本地识字表文件(部编版)
2024,婆,po,三下,3,下,外婆、婆婆、公婆,缺,本地识字表文件(部编版)
2025,脊,ji,三下,3,下,脊梁、脊背、山脊,缺,本地识字表文件(部编版)
2026,贼,zei,三下,3,下,盗贼、贼心、作贼,在,本地识字表文件(部编版)
2027,莫,mo,三下,3,下,莫大、莫非、莫不,在,本地识字表文件(部编版)
2028,颠,dian,三下,3,下,颠倒、颠簸、颠球,缺,本地识字表文件(部编版)
2029,胶,jiao,三下,3,下,胶水、胶带、胶布,在,本地识字表文件(部编版)
2030,纵,zong,三下,3,下,纵身、纵然、纵目,缺,本地识字表文件(部编版)
2031,枣,zao,三下,3,下,枣子、红枣、大枣,在,本地识字表文件(部编版)
2032,核,he,三下,3,下,核心、核桃、果核,缺,本地识字表文件(部编版)
2033,妻,qi,三下,3,下,妻子、夫妻、妻儿,缺,本地识字表文件(部编版)
2034,爹,die,三下,3,下,老爹、阿爹、亲爹、爹娘,缺,本地识字表文件(部编版)
2035,犁,li,三下,3,下,犁地、犁头、步犁,缺,本地识字表文件(部编版)
2036,聪,cong,三下,3,下,聪明、聪慧、小聪明,在,本地识字表文件(部编版)
2037,困,kun,三下,3,下,困难、困意、发困,缺,本地识字表文件(部编版)
2038,牲,sheng,三下,3,下,牲畜、牲口、牺牲,缺,本地识字表文件(部编版)
2039,府,fu,三下,3,下,学府、城府、府上,缺,本地识字表文件(部编版)
2040,罢,ba,三下,3,下,罢工、罢休、罢了,缺,本地识字表文件(部编版)
2041,咳,ke,三下,3,下,咳嗽、干咳、止咳,缺,本地识字表文件(部编版)
2042,嗽,sou,三下,3,下,咳嗽、干嗽、嗽咳,缺,本地识字表文件(部编版)
2043,呕,ou,三下,3,下,呕吐、作呕、干呕,缺,本地识字表文件(部编版)
2044,唠,lao,三下,3,下,唠叨、唠嗑、叨唠,缺,本地识字表文件(部编版)
2045,叨,dao,三下,3,下,唠叨、念叨、叨叨,缺,本地识字表文件(部编版)
2046,嘀,di,三下,3,下,嘀咕、嘀嗒、嘀嘀咕咕、犯嘀咕,缺,本地识字表文件(部编版)
2047,谚,yan,三下,3,下,谚语、农谚、民谚,缺,本地识字表文件(部编版)
2048,谣,yao,三下,3,下,谣言、歌谣、童谣,缺,本地识字表文件(部编版)
2049,诫,jie,三下,3,下,告诫、劝诫、训诫,缺,本地识字表文件(部编版)
2050,辩,bian,三下,3,下,辩手、分辩、辩说,缺,本地识字表文件(部编版)
2051,盐,yan,四上,4,上,盐水、盐巴、海盐,在,本地识字表文件(部编版)
2052,屹,yi,四上,4,上,屹立、巍然屹立、屹然,在,本地识字表文件(部编版)
2053,昂,ang,四上,4,上,昂首、高昂、昂然,在,本地识字表文件(部编版)
2054,鼎,ding,四上,4,上,鼎力、鼎立、鼎足,在,本地识字表文件(部编版)
2055,沸,fei,四上,4,上,沸水、沸点、沸腾,在,本地识字表文件(部编版)
2056,贯,guan,四上,4,上,连贯、贯通、一贯,在,本地识字表文件(部编版)
2057,浩,hao,四上,4,上,浩大、浩然、浩荡,在,本地识字表文件(部编版)
2058,崩,beng,四上,4,上,雪崩、崩裂、山崩,在,本地识字表文件(部编版)
2059,震,zhen,四上,4,上,地震、震动、震区,在,本地识字表文件(部编版)
2060,霎,sha,四上,4,上,霎时、一霎、霎那,在,本地识字表文件(部编版)
2061,余,yu,四上,4,上,余下、有余、余数,在,本地识字表文件(部编版)
2062,恢,hui,四上,4,上,恢复、恢宏、恢弘,缺,本地识字表文件(部编版)
2063,鹅,e,四上,4,上,天鹅、企鹅、鹅毛,在,本地识字表文件(部编版)
2064,卵,luan,四上,4,上,卵石、鱼卵、产卵,在,本地识字表文件(部编版)
2065,俗,su,四上,4,上,风俗、通俗、俗语,在,本地识字表文件(部编版)
2066,跃,yue,四上,4,上,活跃、飞跃、雀跃,在,本地识字表文件(部编版)
2067,穗,sui,四上,4,上,麦穗、谷穗、稻穗,在,本地识字表文件(部编版)
2068,镀,du,四上,4,上,镀金、镀银、电镀,在,本地识字表文件(部编版)
2069,埂,geng,四上,4,上,田埂、土埂、埂子、堤埂,在,本地识字表文件(部编版)
2070,烁,shuo,四上,4,上,闪烁、烁烁、金光闪烁,在,本地识字表文件(部编版)
2071,巢,chao,四上,4,上,鸟巢、雀巢、老巢,在,本地识字表文件(部编版)
2072,苇,wei,四上,4,上,芦苇、苇席、芦苇荡,在,本地识字表文件(部编版)
2073,罗,luo,四上,4,上,罗盘、张罗、包罗,在,本地识字表文件(部编版)
2074,霸,ba,四上,4,上,学霸、霸气、霸道,在,本地识字表文件(部编版)
2075,占,zhan,四上,4,上,占地、占有、占用,在,本地识字表文件(部编版)
2076,昧,mei,四上,4,上,愚昧、冒昧、蒙昧,在,本地识字表文件(部编版)
2077,坠,zhui,四上,4,上,坠落、坠子、下坠,在,本地识字表文件(部编版)
2078,怀,huai,四上,4,上,关怀、开怀、心怀,在,本地识字表文件(部编版)
2079,豌,wan,四上,4,上,豌豆、豌豆尖、豌豆粥、香豌豆,在,本地识字表文件(部编版)
2080,僵,jiang,四上,4,上,僵硬、僵局、僵持,在,本地识字表文件(部编版)
2081,预,yu,四上,4,上,预习、预报、预定,在,本地识字表文件(部编版)
2082,揭,jie,四上,4,上,揭开、揭发、揭底,在,本地识字表文件(部编版)
2083,苔,tai,四上,4,上,海苔、青苔、苔藓,在,本地识字表文件(部编版)
2084,囚,qiu,四上,4,上,囚犯、囚禁、囚笼,在,本地识字表文件(部编版)
2085,框,kuang,四上,4,上,门框、相框、画框,在,本地识字表文件(部编版)
2086,溢,yi,四上,4,上,洋溢、溢出、横溢,在,本地识字表文件(部编版)
2087,蝙,bian,四上,4,上,蝙蝠、蝙蝠侠、蝙蝠蛾、蝙蝠衫,在,本地识字表文件(部编版)
2088,蝠,fu,四上,4,上,蝙蝠、狐蝠、蝠鲼、蝙蝠侠,在,本地识字表文件(部编版)
2089,即,ji,四上,4,上,立即、当即、即食,在,本地识字表文件(部编版)
2090,锐,rui,四上,4,上,锐利、锐角、精锐,在,本地识字表文件(部编版)
2091,铛,dang,四上,4,上,铃铛、铛铛、饼铛,在,本地识字表文件(部编版)
2092,蝇,ying,四上,4,上,苍蝇、果蝇、苍蝇拍,在,本地识字表文件(部编版)
2093,证,zheng,四上,4,上,证人、人证、物证,在,本地识字表文件(部编版)
2094,障,zhang,四上,4,上,保障、故障、路障,在,本地识字表文件(部编版)
2095,碍,ai,四上,4,上,碍事、碍眼、无碍,缺,本地识字表文件(部编版)
2096,荧,ying,四上,4,上,荧光、荧屏、荧光棒,在,本地识字表文件(部编版)
2097,屏,ping,四上,4,上,屏风、屏幕、屏气,在,本地识字表文件(部编版)
2098,唤,huan,四上,4,上,呼唤、唤醒、唤起,在,本地识字表文件(部编版)
2099,纪,ji,四上,4,上,年纪、世纪、纪律,在,本地识字表文件(部编版)
2100,获,huo,四上,4,上,获得、收获、捕获,在,本地识字表文件(部编版)
2101,赖,lai,四上,4,上,信赖、赖皮、无赖,在,本地识字表文件(部编版)
2102,潜,qian,四上,4,上,潜水、潜力、潜入,在,本地识字表文件(部编版)
2103,亿,yi,四上,4,上,亿万、万亿、数以亿计,在,本地识字表文件(部编版)
2104,索,suo,四上,4,上,线索、索性、索道,在,本地识字表文件(部编版)
2105,奥,ao,四上,4,上,奥数、奥运、奥秘,在,本地识字表文件(部编版)
2106,舶,bo,四上,4,上,船舶、舶来品、海舶、巨舶,在,本地识字表文件(部编版)
2107,质,zhi,四上,4,上,质量、水质、性质,在,本地识字表文件(部编版)
2108,哲,zhe,四上,4,上,哲学、哲理、哲人,在,本地识字表文件(部编版)
2109,避,bi,四上,4,上,避开、避雨、躲避,在,本地识字表文件(部编版)
2110,撼,han,四上,4,上,撼动、震撼、摇撼,在,本地识字表文件(部编版)
2111,喧,xuan,四上,4,上,喧闹、喧哗、喧宾夺主,在,本地识字表文件(部编版)
2112,檐,yan,四上,4,上,房檐、屋檐、帽檐,在,本地识字表文件(部编版)
2113,驻,zhu,四上,4,上,驻地、驻军、驻足,在,本地识字表文件(部编版)
2114,钞,chao,四上,4,上,钞票、纸钞、印钞机,在,本地识字表文件(部编版)
2115,培,pei,四上,4,上,培养、培土、培育,在,本地识字表文件(部编版)
2116,赌,du,四上,4,上,赌气、打赌、赌约,在,本地识字表文件(部编版)
2117,媒,mei,四上,4,上,媒体、媒人、媒合,在,本地识字表文件(部编版)
2118,氛,fen,四上,4,上,气氛、氛围、香氛、炒气氛,在,本地识字表文件(部编版)
2119,账,zhang,四上,4,上,账本、转账、账面,在,本地识字表文件(部编版)
2120,贺,he,四上,4,上,贺卡、道贺、贺年,在,本地识字表文件(部编版)
2121,樟,zhang,四上,4,上,樟树、樟木、樟脑、樟脑丸,在,本地识字表文件(部编版)
2122,杠,gang,四上,4,上,单杠、双杠、杠子,在,本地识字表文件(部编版)
2123,狡,jiao,四上,4,上,狡猾、狡辩、狡兔三窟,在,本地识字表文件(部编版)
2124,猾,hua,四上,4,上,狡猾、奸猾、老奸巨猾,在,本地识字表文件(部编版)
2125,暮,mu,四上,4,上,暮色、日暮、暮年,在,本地识字表文件(部编版)
2126,瑟,se,四上,4,上,琴瑟、瑟缩、瑟索,在,本地识字表文件(部编版)
2127,缘,yuan,四上,4,上,缘分、有缘、人缘,在,本地识字表文件(部编版)
2128,骚,sao,四上,4,上,骚动、牢骚、骚客,在,本地识字表文件(部编版)
2129,逊,xun,四上,4,上,逊色、谦逊、出言不逊,在,本地识字表文件(部编版)
2130,输,shu,四上,4,上,运输、输血、输出,在,本地识字表文件(部编版)
2131,均,jun,四上,4,上,平均、均分、均匀,在,本地识字表文件(部编版)
2132,柄,bing,四上,4,上,手柄、话柄、长柄,在,本地识字表文件(部编版)
2133,蜗,wo,四上,4,上,蜗牛、蜗居、蜗行,在,本地识字表文件(部编版)
2134,萎,wei,四上,4,上,枯萎、萎缩、萎靡,在,本地识字表文件(部编版)
2135,宅,zhai,四上,4,上,住宅、宅院、家宅,在,本地识字表文件(部编版)
2136,隐,yin,四上,4,上,隐身、隐情、隐性,在,本地识字表文件(部编版)
2137,毫,hao,四上,4,上,毫不、毫无、分毫,在,本地识字表文件(部编版)
2138,慎,shen,四上,4,上,慎重、谨慎、不慎,在,本地识字表文件(部编版)
2139,址,zhi,四上,4,上,地址、网址、旧址,在,本地识字表文件(部编版)
2140,良,liang,四上,4,上,善良、良心、良机,在,本地识字表文件(部编版)
2141,掘,jue,四上,4,上,挖掘、发掘、挖掘机,在,本地识字表文件(部编版)
2142,搜,sou,四上,4,上,搜集、搜查、搜罗,在,本地识字表文件(部编版)
2143,倾,qing,四上,4,上,倾心、倾力、一见倾心,在,本地识字表文件(部编版)
2144,骤,zhou,四上,4,上,步骤、骤雨、骤然,在,本地识字表文件(部编版)
2145,置,zhi,四上,4,上,安置、布置、置身,在,本地识字表文件(部编版)
2146,抛,pao,四上,4,上,抛下、抛出、抛开,在,本地识字表文件(部编版)
2147,劈,pi,四上,4,上,劈开、劈叉、劈头,在,本地识字表文件(部编版)
2148,缓,huan,四上,4,上,缓和、缓解、缓步,在,本地识字表文件(部编版)
2149,浊,zhuo,四上,4,上,混浊、污浊、浊流,在,本地识字表文件(部编版)
2150,丈,zhang,四上,4,上,丈夫、丈量、万丈,在,本地识字表文件(部编版)
2151,隆,long,四上,4,上,隆重、克隆、轰隆,在,本地识字表文件(部编版)
2152,肢,zhi,四上,4,上,四肢、肢体、下肢,在,本地识字表文件(部编版)
2153,躯,qu,四上,4,上,身躯、躯干、躯体,在,本地识字表文件(部编版)
2154,液,ye,四上,4,上,液体、血液、液化,在,本地识字表文件(部编版)
2155,曰,yue,四上,4,上,子曰、诗曰、美其名曰,在,本地识字表文件(部编版)
2156,溺,ni,四上,4,上,溺水、溺爱、沉溺,在,本地识字表文件(部编版)
2157,返,fan,四上,4,上,返回、返家、往返,在,本地识字表文件(部编版)
2158,斯,si,四上,4,上,斯文、如斯、波斯,在,本地识字表文件(部编版)
2159,惨,can,四上,4,上,惨白、惨重、惨痛,在,本地识字表文件(部编版)
2160,盗,dao,四上,4,上,防盗、海盗、盗用,在,本地识字表文件(部编版)
2161,驰,chi,四上,4,上,飞驰、奔驰、疾驰,缺,本地识字表文件(部编版)
2162,恕,shu,四上,4,上,宽恕、饶恕、忠恕,在,本地识字表文件(部编版)
2163,押,ya,四上,4,上,押金、押车、押送、关押,缺,本地识字表文件(部编版)
2164,锁,suo,四上,4,上,锁门、上锁、开锁,在,本地识字表文件(部编版)
2165,遭,zao,四上,4,上,遭受、遭到、遭遇,在,本地识字表文件(部编版)
2166,恶,e,四上,4,上,恶人、恶心、恶化,在,本地识字表文件(部编版)
2167,愤,fen,四上,4,上,气愤、发愤、愤愤不平,在,本地识字表文件(部编版)
2168,砸,za,四上,4,上,砸碎、砸锅、砸坏,在,本地识字表文件(部编版)
2169,洪,hong,四上,4,上,洪水、洪亮、洪流,缺,本地识字表文件(部编版)
2170,措,cuo,四上,4,上,失措、举措、措施,在,本地识字表文件(部编版)
2171,混,hun,四上,4,上,混合、混作、混一,在,本地识字表文件(部编版)
2172,项,xiang,四上,4,上,事项、单项、项目,在,本地识字表文件(部编版)
2173,熄,xi,四上,4,上,熄灭、熄灯、熄火、吹熄,在,本地识字表文件(部编版)
2174,浆,jiang,四上,4,上,豆浆、浆果、浆糊,缺,本地识字表文件(部编版)
2175,塌,ta,四上,4,上,倒塌、崩塌、塌陷,在,本地识字表文件(部编版)
2176,窜,cuan,四上,4,上,乱窜、逃窜、鼠窜,缺,本地识字表文件(部编版)
2177,颂,song,四上,4,上,歌颂、颂歌、称颂,在,本地识字表文件(部编版)
2178,绩,ji,四上,4,上,成绩、功绩、业绩,在,本地识字表文件(部编版)
2179,圃,pu,四上,4,上,花圃、菜圃、苗圃,在,本地识字表文件(部编版)
2180,卉,hui,四上,4,上,花卉、奇花异卉、百卉千葩,在,本地识字表文件(部编版)
2181,蕾,lei,四上,4,上,花蕾、蓓蕾、味蕾、芭蕾,在,本地识字表文件(部编版)
2182,蕊,rui,四上,4,上,花蕊、雄蕊、雌蕊,在,本地识字表文件(部编版)
2183,玫,mei,四上,4,上,玫瑰、玫瑰花、玫瑰果、玫瑰茄,在,本地识字表文件(部编版)
2184,茉,mo,四上,4,上,茉莉、茉莉花、茉莉花茶、芥茉,在,本地识字表文件(部编版)
2185,莉,li,四上,4,上,茉莉、茉莉花、茉莉花茶、萨莉,在,本地识字表文件(部编版)
2186,牡,mu,四上,4,上,牡丹、牡蛎、牡鹿,在,本地识字表文件(部编版)
2187,丹,dan,四上,4,上,丹心、丹顶鹤、丹桂,在,本地识字表文件(部编版)
2188,棠,tang,四上,4,上,海棠、棠梨、海棠花,在,本地识字表文件(部编版)
2189,嗅,xiu,四上,4,上,嗅觉、嗅探、嗅探犬、嗅盐,在,本地识字表文件(部编版)
2190,奈,nai,四上,4,上,无奈、奈何、山奈,在,本地识字表文件(部编版)
2191,拯,zheng,四上,4,上,拯救、包拯、拯溺,在,本地识字表文件(部编版)
2192,嘶,si,四上,4,上,嘶哑、嘶鸣、嘶吼,在,本地识字表文件(部编版)
2193,哑,ya,四上,4,上,哑巴、沙哑、哑剧,在,本地识字表文件(部编版)
2194,庞,pang,四上,4,上,庞大、脸庞、庞杂,在,本地识字表文件(部编版)
2195,链,lian,四上,4,上,链子、拉链、手链、铁链,在,本地识字表文件(部编版)
2196,攀,pan,四上,4,上,攀登、攀比、高攀,在,本地识字表文件(部编版)
2197,辫,bian,四上,4,上,辫子、马尾辫、麻花辫、小辫子,在,本地识字表文件(部编版)
2198,呵,he,四上,4,上,呵护、呵欠、呵斥,在,本地识字表文件(部编版)
2199,谓,wei,四上,4,上,所谓、称谓、谓语,在,本地识字表文件(部编版)
2200,拳,quan,四上,4,上,拳头、打拳、出拳,在,本地识字表文件(部编版)
2201,捶,chui,四上,4,上,捶打、捶背、捶胸,在,本地识字表文件(部编版)
2202,顽,wan,四上,4,上,顽皮、顽强、顽固,缺,本地识字表文件(部编版)
2203,襟,jin,四上,4,上,衣襟、胸襟、襟怀,在,本地识字表文件(部编版)
2204,膊,bo,四上,4,上,胳膊、赤膊、肩膊,在,本地识字表文件(部编版)
2205,瓶,ping,四上,4,上,瓶子、花瓶、水瓶,在,本地识字表文件(部编版)
2206,怖,bu,四上,4,上,恐怖、惊怖、恐怖片,在,本地识字表文件(部编版)
2207,凭,ping,四上,4,上,文凭、凭票、任凭,在,本地识字表文件(部编版)
2208,欺,qi,四上,4,上,欺负、欺骗、欺诈,在,本地识字表文件(部编版)
2209,掐,qia,四上,4,上,掐断、掐表、掐算,在,本地识字表文件(部编版)
2210,囊,nang,四上,4,上,气囊、行囊、香囊,在,本地识字表文件(部编版)
2211,羡,xian,四上,4,上,羡慕、艳羡、心羡,在,本地识字表文件(部编版)
2212,殷,yin,四上,4,上,殷勤、殷切、殷实,在,本地识字表文件(部编版)
2213,盔,kui,四上,4,上,头盔、盔甲、钢盔,缺,本地识字表文件(部编版)
2214,撇,pie,四上,4,上,撇嘴、撇开、左撇子,在,本地识字表文件(部编版)
2215,霉,mei,四上,4,上,发霉、倒霉、霉运、霉雨,在,本地识字表文件(部编版)
2216,亏,kui,四上,4,上,多亏、吃亏、亏本,在,本地识字表文件(部编版)
2217,拙,zhuo,四上,4,上,拙见、拙作、拙朴,在,本地识字表文件(部编版)
2218,况,kuang,四上,4,上,情况、路况、实况,在,本地识字表文件(部编版)
2219,败,bai,四上,4,上,打败、成败、开败,在,本地识字表文件(部编版)
2220,恨,hen,四上,4,上,可恨、痛恨、悔恨,在,本地识字表文件(部编版)
2221,帅,shuai,四上,4,上,帅气、帅哥、元帅,在,本地识字表文件(部编版)
2222,彻,che,四上,4,上,彻底、透彻、彻夜,在,本地识字表文件(部编版)
2223,溃,kui,四上,4,上,崩溃、溃败、溃散,在,本地识字表文件(部编版)
2224,誉,yu,四上,4,上,名誉、信誉、声誉,在,本地识字表文件(部编版)
2225,丑,chou,四上,4,上,小丑、出丑、丑化,在,本地识字表文件(部编版)
2226,豪,hao,四上,4,上,自豪、豪华、豪气,在,本地识字表文件(部编版)
2227,韭,jiu,四上,4,上,韭菜、韭黄、韭菜花,在,本地识字表文件(部编版)
2228,芹,qin,四上,4,上,芹菜、西芹、欧芹,在,本地识字表文件(部编版)
2229,蒜,suan,四上,4,上,大蒜、蒜头、蒜苗,在,本地识字表文件(部编版)
2230,椒,jiao,四上,4,上,青椒、花椒、胡椒,在,本地识字表文件(部编版)
2231,藕,ou,四上,4,上,莲藕、藕断丝连、吃藕,在,本地识字表文件(部编版)
2232,薯,shu,四上,4,上,红薯、薯片、薯条、白薯,在,本地识字表文件(部编版)
2233,芋,yu,四上,4,上,芋头、山芋、芋圆、洋芋,在,本地识字表文件(部编版)
2234,塞,sai,四上,4,上,塞子、塞车、塞外,在,本地识字表文件(部编版)
2235,秦,qin,四上,4,上,秦国、秦代、大秦,在,本地识字表文件(部编版)
2236,征,zheng,四上,4,上,长征、出征、征地,在,本地识字表文件(部编版)
2237,杰,jie,四上,4,上,杰出、杰作、人杰,在,本地识字表文件(部编版)
2238,崛,jue,四上,4,上,崛起、崛立、奇崛,在,本地识字表文件(部编版)
2239,范,fan,四上,4,上,模范、规范、师范,在,本地识字表文件(部编版)
2240,魏,wei,四上,4,上,魏国、北魏、魏书,在,本地识字表文件(部编版)
2241,晰,xi,四上,4,上,清晰、明晰、清晰度,在,本地识字表文件(部编版)
2242,效,xiao,四上,4,上,有效、无效、生效,在,本地识字表文件(部编版)
2243,淮,huai,四上,4,上,淮河、淮南、淮北,在,本地识字表文件(部编版)
2244,惑,huo,四上,4,上,迷惑、疑惑、困惑,在,本地识字表文件(部编版)
2245,惩,cheng,四上,4,上,惩罚、惩处、奖惩,在,本地识字表文件(部编版)
2246,训,xun,四上,4,上,教训、军训、家训,缺,本地识字表文件(部编版)
2247,斥,chi,四上,4,上,排斥、斥力、斥责,在,本地识字表文件(部编版)
2248,蓄,xu,四上,4,上,积蓄、储蓄、含蓄,在,本地识字表文件(部编版)
2249,迫,po,四上,4,上,迫切、强迫、压迫,在,本地识字表文件(部编版)
2250,租,zu,四上,4,上,出租、租车、租金,在,本地识字表文件(部编版)
2251,纠,jiu,四上,4,上,纠正、纠错、纠结,在,本地识字表文件(部编版)
2252,缠,chan,四上,4,上,难缠、盘缠、纠缠,在,本地识字表文件(部编版)
2253,邀,yao,四上,4,上,邀请、应邀、邀约,在,本地识字表文件(部编版)
2254,港,gang,四上,4,上,港口、海港、小港、港区,在,本地识字表文件(部编版)
2255,扰,rao,四上,4,上,打扰、干扰、困扰,在,本地识字表文件(部编版)
2256,拒,ju,四上,4,上,拒绝、抗拒、拒收,在,本地识字表文件(部编版)
2257,签,qian,四上,4,上,签名、签字、书签,在,本地识字表文件(部编版)
2258,订,ding,四上,4,上,订正、订单、订金、订位,在,本地识字表文件(部编版)
2259,要,yao,四上,4,上,不要、要有、重要,在,本地识字表文件(部编版)
2260,妄,wang,四上,4,上,妄想、妄动、妄为,在,本地识字表文件(部编版)
2261,延,yan,四上,4,上,延长、延安、延年,在,本地识字表文件(部编版)
2262,昔,xi,四上,4,上,昔日、往昔、今昔,在,本地识字表文件(部编版)
2263,茅,mao,四上,4,上,茅草、前茅、茅屋,在,本地识字表文件(部编版)
2264,炕,kang,四上,4,上,土炕、铺炕、炕床、炕头,在,本地识字表文件(部编版)
2265,媚,mei,四上,4,上,明媚、媚眼、媚笑,在,本地识字表文件(部编版)
2266,戎,rong,四上,4,上,戎装、戎马、兵戎,在,本地识字表文件(部编版)
2267,诸,zhu,四上,4,上,诸事、诸多、诸如,在,本地识字表文件(部编版)
2268,竞,jing,四上,4,上,竞赛、竞争、竞走,在,本地识字表文件(部编版)
2269,唯,wei,四上,4,上,唯一、唯有、唯独,缺,本地识字表文件(部编版)
2270,豹,bao,四上,4,上,豹子、雪豹、花豹,在,本地识字表文件(部编版)
2271,娶,qu,四上,4,上,迎娶、嫁娶、娶亲,在,本地识字表文件(部编版)
2272,媳,xi,四上,4,上,媳妇、儿媳、婆媳,在,本地识字表文件(部编版)
2273,巫,wu,四上,4,上,巫山、女巫、巫师,在,本地识字表文件(部编版)
2274,绅,shen,四上,4,上,绅士、乡绅、劣绅,在,本地识字表文件(部编版)
2275,旱,han,四上,4,上,干旱、抗旱、旱灾,在,本地识字表文件(部编版)
2276,徒,tu,四上,4,上,学徒、徒手、徒弟,在,本地识字表文件(部编版)
2277,吊,diao,四上,4,上,吊车、吊水、上吊,在,本地识字表文件(部编版)
2278,磕,ke,四上,4,上,磕头、磕碰、磕磕绊绊,在,本地识字表文件(部编版)
2279,凿,zao,四上,4,上,凿子、开凿、凿井,在,本地识字表文件(部编版)
2280,溉,gai,四上,4,上,灌溉、灌溉渠、地面灌溉、溉田,在,本地识字表文件(部编版)
2281,拜,bai,四上,4,上,拜年、拜见、拜会,在,本地识字表文件(部编版)
2282,侯,hou,四上,4,上,诸侯、王侯、侯爵,在,本地识字表文件(部编版)
2283,肤,fu,四上,4,上,皮肤、肤色、护肤,在,本地识字表文件(部编版)
2284,剂,ji,四上,4,上,药剂、剂量、制剂,在,本地识字表文件(部编版)
2285,髓,sui,四上,4,上,骨髓、精髓、脑髓,在,本地识字表文件(部编版)
2286,标,biao,四上,4,上,目标、标准、路标,在,本地识字表文件(部编版)
2287,纲,gang,四上,4,上,提纲、纲领、大纲,在,本地识字表文件(部编版)
2288,授,shou,四上,4,上,教授、传授、授课,在,本地识字表文件(部编版)
2289,揍,zou,四上,4,上,揍人、挨揍、欠揍、胖揍,在,本地识字表文件(部编版)
2290,键,jian,四上,4,上,关键、键盘、琴键,在,本地识字表文件(部编版)
2291,谱,pu,四上,4,上,乐谱、家谱、谱子、靠谱,在,本地识字表文件(部编版)
2292,锈,xiu,四上,4,上,生锈、铁锈、不锈钢、防锈,在,本地识字表文件(部编版)
2293,沫,mo,四上,4,上,泡沫、唾沫、飞沫,缺,本地识字表文件(部编版)
2294,砖,zhuan,四上,4,上,砖头、地砖、砖石,在,本地识字表文件(部编版)
2295,矿,kuang,四上,4,上,矿山、金矿、矿区、矿泉水,在,本地识字表文件(部编版)
2296,综,zong,四上,4,上,综合、综艺、错综,在,本地识字表文件(部编版)
2297,氧,yang,四上,4,上,氧气、缺氧、吸氧、氧化,在,本地识字表文件(部编版)
2298,俱,ju,四上,4,上,俱全、俱乐部、俱佳,在,本地识字表文件(部编版)
2299,杂,za,四下,4,下,杂物、杂事、杂色,在,本地识字表文件(部编版)
2300,篱,li,四下,4,下,篱笆、藩篱、树篱,在,本地识字表文件(部编版)
2301,徐,xu,四下,4,下,徐州、徐步、徐行,在,本地识字表文件(部编版)
2302,疏,shu,四下,4,下,生疏、疏通、疏落,在,本地识字表文件(部编版)
2303,锄,chu,四下,4,下,锄头、锄地、锄草,在,本地识字表文件(部编版)
2304,剥,bo,四下,4,下,剥皮、剥落、剥掉,在,本地识字表文件(部编版)
2305,构,gou,四下,4,下,构成、结构、构图,在,本地识字表文件(部编版)
2306,冠,guan,四下,4,下,冠军、花冠、头冠,在,本地识字表文件(部编版)
2307,朴,pu,四下,4,下,朴实、朴素、简朴,在,本地识字表文件(部编版)
2308,素,su,四下,4,下,素有、素面、素日,在,本地识字表文件(部编版)
2309,率,lv,四下,4,下,草率、表率、直率,在,本地识字表文件(部编版)
2310,倘,tang,四下,4,下,倘若、倘或、倘佯,在,本地识字表文件(部编版)
2311,附,fu,四下,4,下,附加、附上、附小,在,本地识字表文件(部编版)
2312,捣,dao,四下,4,下,捣蛋、捣乱、捣鼓,在,本地识字表文件(部编版)
2313,绘,hui,四下,4,下,绘画、绘本、彩绘,在,本地识字表文件(部编版)
2314,谐,xie,四下,4,下,和谐、谐音、谐和,在,本地识字表文件(部编版)
2315,慰,wei,四下,4,下,安慰、慰问、宽慰,在,本地识字表文件(部编版)
2316,藉,ji,四下,4,下,狼藉、慰藉、枕藉,在,本地识字表文件(部编版)
2317,绮,qi,四下,4,下,绮丽、绮罗、绮思,在,本地识字表文件(部编版)
2318,谈,tan,四下,4,下,谈心、交谈、谈天,在,本地识字表文件(部编版)
2319,琥,hu,四下,4,下,琥珀、琥珀色、琥珀石、琥珀糖,在,本地识字表文件(部编版)
2320,珀,po,四下,4,下,琥珀、珀斯、哈珀,在,本地识字表文件(部编版)
2321,嗡,weng,四下,4,下,嗡嗡、嗡嗡声、嗡嗡叫、嗡嗡作响,在,本地识字表文件(部编版)
2322,脂,zhi,四下,4,下,油脂、脂肪、脂粉,在,本地识字表文件(部编版)
2323,拭,shi,四下,4,下,擦拭、拂拭、拭目,在,本地识字表文件(部编版)
2324,渗,shen,四下,4,下,渗水、渗透、渗入、渗出,在,本地识字表文件(部编版)
2325,俯,fu,四下,4,下,俯身、俯视、俯首,在,本地识字表文件(部编版)
2326,番,fan,四下,4,下,轮番、番茄、番剧,在,本地识字表文件(部编版)
2327,埋,mai,四下,4,下,埋头、埋没、埋单,在,本地识字表文件(部编版)
2328,澎,peng,四下,4,下,澎湃、澎湖、心潮澎湃,在,本地识字表文件(部编版)
2329,湃,pai,四下,4,下,澎湃、心潮澎湃、湃然,在,本地识字表文件(部编版)
2330,钝,dun,四下,4,下,迟钝、钝角、鲁钝,在,本地识字表文件(部编版)
2331,描,miao,四下,4,下,描红、描写、素描,在,本地识字表文件(部编版)
2332,隧,sui,四下,4,下,隧道、隧洞、隧路,在,本地识字表文件(部编版)
2333,衍,yan,四下,4,下,繁衍、衍生、衍变,在,本地识字表文件(部编版)
2334,吨,dun,四下,4,下,吨位、吨数、公吨、吨粮,在,本地识字表文件(部编版)
2335,颅,lu,四下,4,下,头颅、颅骨、颅顶,在,本地识字表文件(部编版)
2336,膨,peng,四下,4,下,膨胀、膨化、膨大、膨松剂,在,本地识字表文件(部编版)
2337,捷,jie,四下,4,下,快捷、便捷、捷报,在,本地识字表文件(部编版)
2338,辟,pi,四下,4,下,开辟、精辟、辟邪,在,本地识字表文件(部编版)
2339,崭,zhan,四下,4,下,崭新、崭齐、崭亮,在,本地识字表文件(部编版)
2340,乒,ping,四下,4,下,乒乓、乒乓球、乒乓球拍、乒坛,在,本地识字表文件(部编版)
2341,乓,pang,四下,4,下,乒乓球、乒乓球台、乒乓球拍、乒乓,在,本地识字表文件(部编版)
2342,拥,yong,四下,4,下,拥有、拥抱、拥挤,在,本地识字表文件(部编版)
2343,菌,jun,四下,4,下,细菌、病菌、真菌,在,本地识字表文件(部编版)
2344,臭,chou,四下,4,下,臭气、口臭、臭美,在,本地识字表文件(部编版)
2345,蔬,shu,四下,4,下,蔬菜、蔬果、菜蔬,在,本地识字表文件(部编版)
2346,碳,tan,四下,4,下,低碳、碳酸、碳粉、碳水,在,本地识字表文件(部编版)
2347,癌,ai,四下,4,下,癌症、抗癌、致癌、癌变,在,本地识字表文件(部编版)
2348,症,zheng,四下,4,下,症状、症结、对症,在,本地识字表文件(部编版)
2349,疾,ji,四下,4,下,疾病、疾风、疾步,在,本地识字表文件(部编版)
2350,灶,zao,四下,4,下,灶台、灶火、小灶,在,本地识字表文件(部编版)
2351,鹏,peng,四下,4,下,大鹏、鹏鸟、鲲鹏,缺,本地识字表文件(部编版)
2352,揽,lan,四下,4,下,招揽、包揽、揽胜,在,本地识字表文件(部编版)
2353,驱,qu,四下,4,下,驱虫、驱散、驱车,在,本地识字表文件(部编版)
2354,践,jian,四下,4,下,实践、践行、践约,在,本地识字表文件(部编版)
2355,党,dang,四下,4,下,党员、党委、党校,在,本地识字表文件(部编版)
2356,施,shi,四下,4,下,施工、施行、施加,在,本地识字表文件(部编版)
2357,懈,xie,四下,4,下,松懈、懈怠、不懈,在,本地识字表文件(部编版)
2358,宛,wan,四下,4,下,宛如、宛然、宛转,缺,本地识字表文件(部编版)
2359,碑,bei,四下,4,下,石碑、碑文、口碑,在,本地识字表文件(部编版)
2360,宾,bin,四下,4,下,外宾、国宾、主宾,缺,本地识字表文件(部编版)
2361,吉,ji,四下,4,下,大吉、吉利、吉祥,缺,本地识字表文件(部编版)
2362,咸,xian,四下,4,下,咸菜、咸鱼、咸水,缺,本地识字表文件(部编版)
2363,兆,zhao,四下,4,下,征兆、吉兆、先兆,缺,本地识字表文件(部编版)
2364,廷,ting,四下,4,下,朝廷、宫廷、教廷,缺,本地识字表文件(部编版)
2365,予,yu,四下,4,下,给予、授予、赠予,缺,本地识字表文件(部编版)
2366,肿,zhong,四下,4,下,红肿、肿大、消肿,缺,本地识字表文件(部编版)
2367,阶,jie,四下,4,下,台阶、石阶、音阶,缺,本地识字表文件(部编版)
2368,趾,zhi,四下,4,下,脚趾、趾甲、趾尖,缺,本地识字表文件(部编版)
2369,逻,luo,四下,4,下,巡逻、逻辑、巡逻队,缺,本地识字表文件(部编版)
2370,政,zheng,四下,4,下,家政、市政、行政,缺,本地识字表文件(部编版)
2371,浏,liu,四下,4,下,浏览、浏览器、浏阳、浏亮,缺,本地识字表文件(部编版)
2372,漫,man,四下,4,下,漫步、漫游、漫长,在,本地识字表文件(部编版)
2373,涛,tao,四下,4,下,波涛、惊涛、浪涛,在,本地识字表文件(部编版)
2374,挤,ji,四下,4,下,挤进、挤满、挤眼,在,本地识字表文件(部编版)
2375,叉,cha,四下,4,下,叉子、交叉、分叉,在,本地识字表文件(部编版)
2376,绣,xiu,四下,4,下,绣花、刺绣、锦绣,在,本地识字表文件(部编版)
2377,潇,xiao,四下,4,下,潇洒、潇潇、潇湘,在,本地识字表文件(部编版)
2378,绽,zhan,四下,4,下,绽开、绽放、破绽,在,本地识字表文件(部编版)
2379,朦,meng,四下,4,下,朦胧、朦胧诗、朦胧月色、朦骨,在,本地识字表文件(部编版)
2380,胧,long,四下,4,下,朦胧、朦胧诗、月色朦胧、朦朦胧胧,在,本地识字表文件(部编版)
2381,晖,hui,四下,4,下,春晖、余晖、晖映,在,本地识字表文件(部编版)
2382,徜,chang,四下,4,下,徜徜、徜徉、徜恍,在,本地识字表文件(部编版)
2383,徉,yang,四下,4,下,彷徉、徜徉、徉徜,在,本地识字表文件(部编版)
2384,炫,xuan,四下,4,下,炫耀、炫目、炫酷,在,本地识字表文件(部编版)
2385,垢,gou,四下,4,下,水垢、污垢、茶垢,在,本地识字表文件(部编版)
2386,怯,qie,四下,4,下,胆怯、怯场、羞怯,在,本地识字表文件(部编版)
2387,曝,pu,四下,4,下,曝光、曝晒、曝露,在,本地识字表文件(部编版)
2388,赤,chi,四下,4,下,赤脚、赤道、赤字,在,本地识字表文件(部编版)
2389,携,xie,四下,4,下,携手、携带、便携,缺,本地识字表文件(部编版)
2390,涉,she,四下,4,下,涉过、涉足、交涉,在,本地识字表文件(部编版)
2391,晕,yun,四下,4,下,头晕、晕车、红晕,在,本地识字表文件(部编版)
2392,屈,qu,四下,4,下,不屈、屈服、委屈,在,本地识字表文件(部编版)
2393,渊,yuan,四下,4,下,渊博、深渊、渊源,在,本地识字表文件(部编版)
2394,孟,meng,四下,4,下,孟子、孟夏、孔孟,在,本地识字表文件(部编版)
2395,甫,fu,四下,4,下,杜甫、皇甫、台甫,在,本地识字表文件(部编版)
2396,韩,han,四下,4,下,韩国、韩语、韩文,在,本地识字表文件(部编版)
2397,愈,yu,四下,4,下,治愈、愈合、愈发,在,本地识字表文件(部编版)
2398,禹,yu,四下,4,下,大禹、夏禹、禹州,在,本地识字表文件(部编版)
2399,锡,xi,四下,4,下,无锡、锡纸、锡石,在,本地识字表文件(部编版)
2400,仲,zhong,四下,4,下,仲夏、仲秋、管仲,在,本地识字表文件(部编版)
2401,龚,gong,四下,4,下,龚自珍、龚古尔、龚扇,在,本地识字表文件(部编版)
2402,忧,you,四下,4,下,忧心、分忧、忧患,在,本地识字表文件(部编版)
2403,虑,lv,四下,4,下,考虑、多虑、顾虑,在,本地识字表文件(部编版)
2404,职,zhi,四下,4,下,职工、职场、本职,在,本地识字表文件(部编版)
2405,蹭,ceng,四下,4,下,磨蹭、蹭饭、蹭网、蹭车,在,本地识字表文件(部编版)
2406,稿,gao,四下,4,下,稿子、草稿、文稿、起稿,在,本地识字表文件(部编版)
2407,腔,qiang,四下,4,下,口腔、腔调、开腔,在,本地识字表文件(部编版)
2408,殃,yang,四下,4,下,遭殃、殃及、灾殃,在,本地识字表文件(部编版)
2409,疙,ge,四下,4,下,疙瘩、面疙瘩、鸡皮疙瘩,在,本地识字表文件(部编版)
2410,瘩,da,四下,4,下,疙瘩、面疙瘩、鸡皮疙瘩,在,本地识字表文件(部编版)
2411,侮,wu,四下,4,下,欺侮、侮辱、侮蔑,在,本地识字表文件(部编版)
2412,毒,du,四下,4,下,中毒、有毒、无毒,缺,本地识字表文件(部编版)
2413,聋,long,四下,4,下,聋子、耳聋、聋哑,在,本地识字表文件(部编版)
2414,啄,zhuo,四下,4,下,啄食、啄木鸟、啄米,在,本地识字表文件(部编版)
2415,伏,fu,四下,4,下,伏天、埋伏、起伏,在,本地识字表文件(部编版)
2416,哼,heng,四下,4,下,哼唱、哼唧、哼哼唧唧,在,本地识字表文件(部编版)
2417,啼,ti,四下,4,下,啼哭、啼声、哭哭啼啼,在,本地识字表文件(部编版)
2418,凄,qi,四下,4,下,凄凉、凄美、凄然,在,本地识字表文件(部编版)
2419,嚣,xiao,四下,4,下,喧嚣、嚣张、尘嚣,在,本地识字表文件(部编版)
2420,吭,keng,四下,4,下,吭声、吭气、一声不吭,缺,本地识字表文件(部编版)
2421,吠,fei,四下,4,下,狗吠、狂吠、吠叫,在,本地识字表文件(部编版)
2422,促,cu,四下,4,下,促进、急促、促成,在,本地识字表文件(部编版)
2423,颇,po,四下,4,下,颇为、颇多、颇具,在,本地识字表文件(部编版)
2424,奢,she,四下,4,下,奢华、奢望、奢求,在,本地识字表文件(部编版)
2425,侈,chi,四下,4,下,奢侈、奢侈品、侈靡,在,本地识字表文件(部编版)
2426,苟,gou,四下,4,下,一丝不苟、苟且、不苟,在,本地识字表文件(部编版)
2427,侍,shi,四下,4,下,服侍、侍候、侍卫,在,本地识字表文件(部编版)
2428,窥,kui,四下,4,下,窥视、窥探、窥见,在,本地识字表文件(部编版)
2429,伺,ci,四下,4,下,伺候、伺机、窥伺,在,本地识字表文件(部编版)
2430,肝,gan,四下,4,下,心肝、肝脏、肝火,在,本地识字表文件(部编版)
2431,秆,gan,四下,4,下,秸秆、禾秆、草秆、麦秆,在,本地识字表文件(部编版)
2432,俏,qiao,四下,4,下,俏皮、俊俏、走俏,在,本地识字表文件(部编版)
2433,峭,qiao,四下,4,下,陡峭、峭壁、悬崖峭壁,在,本地识字表文件(部编版)
2434,哺,bu,四下,4,下,哺乳、哺育、反哺,在,本地识字表文件(部编版)
2435,浦,pu,四下,4,下,浦东、黄浦、浦江,在,本地识字表文件(部编版)
2436,沦,lun,四下,4,下,沦为、沦落、沦陷,缺,本地识字表文件(部编版)
2437,抡,lun,四下,4,下,抡起、抡锤、抡元、胡抡,缺,本地识字表文件(部编版)
2438,涣,huan,四下,4,下,涣散、涣然、涣然冰释,缺,本地识字表文件(部编版)
2439,焕,huan,四下,4,下,焕发、焕然一新、容光焕发,缺,本地识字表文件(部编版)
2440,俊,jun,四下,4,下,英俊、俊俏、俊秀,缺,本地识字表文件(部编版)
2441,峻,jun,四下,4,下,险峻、严峻、崇山峻岭,缺,本地识字表文件(部编版)
2442,扩,kuo,四下,4,下,扩大、扩散、扩建、扩张,在,本地识字表文件(部编版)
2443,刹,sha,四下,4,下,刹车、刹住、刹那、古刹,在,本地识字表文件(部编版)
2444,镶,xiang,四下,4,下,镶嵌、镶牙、镶边,在,本地识字表文件(部编版)
2445,浙,zhe,四下,4,下,浙江、浙江省、江浙、浙江大学,在,本地识字表文件(部编版)
2446,簇,cu,四下,4,下,簇拥、花团锦簇、簇新,在,本地识字表文件(部编版)
2447,臀,tun,四下,4,下,臀部、臀尖、臀围,在,本地识字表文件(部编版)
2448,漆,qi,四下,4,下,油漆、漆黑、漆器,在,本地识字表文件(部编版)
2449,蜿,wan,四下,4,下,蜿蜒、蜿蜒曲折、蜿蜒起伏、蜿蜿,在,本地识字表文件(部编版)
2450,蜒,yan,四下,4,下,蜿蜒、蜒蚰、蚰蜒、蜿蜒曲折,在,本地识字表文件(部编版)
2451,恭,gong,四下,4,下,恭喜、恭维、恭敬,在,本地识字表文件(部编版)
2452,勤,qin,四下,4,下,勤奋、勤劳、出勤,在,本地识字表文件(部编版)
2453,焉,yan,四下,4,下,心不在焉、语焉不详、焉知,在,本地识字表文件(部编版)
2454,卒,zu,四下,4,下,小卒、士卒、兵卒,在,本地识字表文件(部编版)
2455,晋,jin,四下,4,下,东晋、西晋、晋升,在,本地识字表文件(部编版)
2456,絮,xu,四下,4,下,柳絮、花絮、絮叨,缺,本地识字表文件(部编版)
2457,扭,niu,四下,4,下,扭头、扭转、扭伤,在,本地识字表文件(部编版)
2458,姥,lao,四下,4,下,姥姥、姥爷、姥娘、姑姥姥,在,本地识字表文件(部编版)
2459,吧,ba,四下,4,下,好吧、走吧、吃吧、网吧,在,本地识字表文件(部编版)
2460,呜,wu,四下,4,下,呜呜、呜咽、呜呼,在,本地识字表文件(部编版)
2461,糠,kang,四下,4,下,米糠、谷糠、糟糠,缺,本地识字表文件(部编版)
2462,栓,shuan,四下,4,下,门栓、血栓、螺栓、枪栓,在,本地识字表文件(部编版)
2463,捆,kun,四下,4,下,捆扎、捆绑、捆缚、捆住,在,本地识字表文件(部编版)
2464,绑,bang,四下,4,下,绑住、松绑、绑定,在,本地识字表文件(部编版)
2465,劫,jie,四下,4,下,打劫、劫难、劫数,在,本地识字表文件(部编版)
2466,毙,bi,四下,4,下,枪毙、击毙、毙命,缺,本地识字表文件(部编版)
2467,扒,ba,四下,4,下,扒开、扒手、扒拉,在,本地识字表文件(部编版)
2468,尸,shi,四下,4,下,尸体、尸骨、尸身,在,本地识字表文件(部编版)
2469,徽,hui,四下,4,下,国徽、安徽、徽标、徽章,在,本地识字表文件(部编版)
2470,谜,mi,四下,4,下,谜语、猜谜、谜底、灯谜,在,本地识字表文件(部编版)
2471,唇,chun,四下,4,下,嘴唇、唇角、唇印,在,本地识字表文件(部编版)
2472,尚,shang,四下,4,下,时尚、高尚、和尚,在,本地识字表文件(部编版)
2473,拌,ban,四下,4,下,拌嘴、凉拌、搅拌,缺,本地识字表文件(部编版)
2474,倔,jue,四下,4,下,倔强、倔脾气、倔头倔脑,在,本地识字表文件(部编版)
2475,嘱,zhu,四下,4,下,嘱咐、叮嘱、嘱托,在,本地识字表文件(部编版)
2476,咐,fu,四下,4,下,吩咐、嘱咐、叮咛嘱咐、咐嘱,在,本地识字表文件(部编版)
2477,忍,ren,四下,4,下,忍受、容忍、忍不住,在,本地识字表文件(部编版)
2478,沮,ju,四下,4,下,沮丧、灰心沮丧、神色沮丧,在,本地识字表文件(部编版)
2479,仪,yi,四下,4,下,仪式、仪表、仪器,在,本地识字表文件(部编版)
2480,蹬,deng,四下,4,下,蹬腿、脚蹬、蹬脚,缺,本地识字表文件(部编版)
2481,妨,fang,四下,4,下,妨碍、不妨、无妨,在,本地识字表文件(部编版)
2482,搓,cuo,四下,4,下,搓洗、搓板、揉搓,在,本地识字表文件(部编版)
2483,葵,kui,四下,4,下,葵花、秋葵、葵扇,在,本地识字表文件(部编版)
2484,祈,qi,四下,4,下,祈祷、祈福、祈愿、祈求,在,本地识字表文件(部编版)
2485,遗,yi,四下,4,下,遗物、遗言、遗书,在,本地识字表文件(部编版)
2486,憾,han,四下,4,下,遗憾、憾事、缺憾,在,本地识字表文件(部编版)
2487,污,wu,四下,4,下,污水、污泥、污点,在,本地识字表文件(部编版)
2488,屑,xie,四下,4,下,木屑、不屑、头皮屑,在,本地识字表文件(部编版)
2489,芙,fu,四下,4,下,芙蓉、泡芙、芙蓉花,在,本地识字表文件(部编版)
2490,蓉,rong,四下,4,下,芙蓉、莲蓉、椰蓉,在,本地识字表文件(部编版)
2491,洛,luo,四下,4,下,洛阳、洛河、洛南,在,本地识字表文件(部编版)
2492,砚,yan,四下,4,下,砚台、古砚、砚石,在,本地识字表文件(部编版)
2493,乾,qian,四下,4,下,乾隆、乾坤、乾陵,在,本地识字表文件(部编版)
2494,坤,kun,四下,4,下,乾坤、扭转乾坤、坤包,在,本地识字表文件(部编版)
2495,役,yi,四下,4,下,战役、服役、兵役,在,本地识字表文件(部编版)
2496,屡,lv,四下,4,下,屡次、屡屡、屡教不改,在,本地识字表文件(部编版)
2497,摧,cui,四下,4,下,摧毁、摧残、无坚不摧,在,本地识字表文件(部编版)
2498,雹,bao,四下,4,下,冰雹、雹子、雹灾,缺,本地识字表文件(部编版)
2499,膛,tang,四下,4,下,胸膛、炉膛、枪膛、上膛,在,本地识字表文件(部编版)
2500,弥,mi,四下,4,下,弥补、弥散、弥漫,缺,本地识字表文件(部编版)
2501,脉,mai,四下,4,下,山脉、动脉、脉搏,在,本地识字表文件(部编版)
2502,葬,zang,四下,4,下,安葬、火葬、葬身,缺,本地识字表文件(部编版)
2503,剖,pou,四下,4,下,解剖、剖析、剖面,在,本地识字表文件(部编版)
2504,裸,luo,四下,4,下,赤裸、裸眼、裸体,缺,本地识字表文件(部编版)
2505,泣,qi,四下,4,下,哭泣、抽泣、啜泣,缺,本地识字表文件(部编版)
2506,汹,xiong,四下,4,下,汹涌、气势汹汹、波涛汹涌,在,本地识字表文件(部编版)
2507,维,wei,四下,4,下,思维、维生素、维持,在,本地识字表文件(部编版)
2508,酣,han,四下,4,下,酣睡、酣畅、酣梦,缺,本地识字表文件(部编版)
2509,械,xie,四下,4,下,机械、器械、枪械,在,本地识字表文件(部编版)
2510,岗,gang,四下,4,下,岗哨、站岗、门岗,在,本地识字表文件(部编版)
2511,宰,zai,四下,4,下,主宰、宰相、宰客,在,本地识字表文件(部编版)
2512,遣,qian,四下,4,下,派遣、消遣、遣词,在,本地识字表文件(部编版)
2513,泰,tai,四下,4,下,泰山、泰国、安泰,在,本地识字表文件(部编版)
2514,杖,zhang,四下,4,下,手杖、魔杖、拐杖,缺,本地识字表文件(部编版)
2515,敞,chang,四下,4,下,宽敞、敞开、敞亮,缺,本地识字表文件(部编版)
2516,拘,ju,四下,4,下,拘留、拘束、不拘,在,本地识字表文件(部编版)
2517,蕴,yun,四下,4,下,蕴藏、底蕴、蕴积,缺,本地识字表文件(部编版)
2518,蔼,ai,四下,4,下,和蔼、和蔼可亲、蔼然,在,本地识字表文件(部编版)
2519,慷,kang,四下,4,下,慷慨、慷慨解囊、慷慨激昂,在,本地识字表文件(部编版)
2520,慨,kai,四下,4,下,感慨、慷慨、慨叹,在,本地识字表文件(部编版)
2521,贤,xian,四下,4,下,贤人、贤明、贤能,缺,本地识字表文件(部编版)
2522,戚,qi,四下,4,下,亲戚、戚友、哀戚,缺,本地识字表文件(部编版)
2523,惧,ju,四下,4,下,恐惧、惧怕、畏惧,在,本地识字表文件(部编版)
2524,彬,bin,四下,4,下,彬彬有礼、彬彬、文质彬彬,缺,本地识字表文件(部编版)
2525,躁,zao,四下,4,下,急躁、暴躁、烦躁,在,本地识字表文件(部编版)
2526,焚,fen,四下,4,下,焚烧、焚香、焚毁,在,本地识字表文件(部编版)
2527,妖,yao,四下,4,下,妖精、妖怪、小妖,在,本地识字表文件(部编版)
2528,矩,ju,四下,4,下,规矩、矩形、矩尺,在,本地识字表文件(部编版)
2529,乖,guai,四下,4,下,乖巧、乖乖、乖顺,在,本地识字表文件(部编版)
2530,撵,nian,四下,4,下,撵走、撵出、撵跑、撵鸭子,在,本地识字表文件(部编版)
2531,丫,ya,四下,4,下,丫头、脚丫、枝丫、丫鬟,在,本地识字表文件(部编版)
2532,拽,zhuai,四下,4,下,拖拽、拽住、生拉硬拽,在,本地识字表文件(部编版)
2533,瘦,shou,四下,4,下,瘦小、瘦肉、消瘦,在,本地识字表文件(部编版)
2534,硕,shuo,四下,4,下,硕大、丰硕、硕果,缺,本地识字表文件(部编版)
2535,允,yun,四下,4,下,允许、允诺、应允,在,本地识字表文件(部编版)
2536,砌,qi,四下,4,下,砌砖、堆砌、铺砌,在,本地识字表文件(部编版)
2537,覆,fu,四下,4,下,覆盖、回覆、翻覆,在,本地识字表文件(部编版)
2538,啸,xiao,四下,4,下,海啸、呼啸、啸叫,在,本地识字表文件(部编版)
2539,缕,lv,四下,4,下,丝缕、条分缕析、不绝如缕,在,本地识字表文件(部编版)
2540,搂,lou,四下,4,下,搂住、搂抱、扒搂,缺,本地识字表文件(部编版)
2541,颊,jia,四下,4,下,脸颊、面颊、齿颊生香,在,本地识字表文件(部编版)
2542,矢,shi,四下,4,下,矢志、箭矢、矢量,缺,本地识字表文件(部编版)
2543,殿,dian,四下,4,下,殿堂、大殿、殿后,在,本地识字表文件(部编版)
2544,抚,fu,四下,4,下,安抚、爱抚、抚平,在,本地识字表文件(部编版)
2545,鲸,jing,四下,4,下,鲸鱼、白鲸、蓝鲸,缺,本地识字表文件(部编版)
2546,昵,ni,四下,4,下,亲昵、昵称、昵爱、昵昵,缺,本地识字表文件(部编版)
2547,恰,qia,四下,4,下,恰好、恰当、恰巧,缺,本地识字表文件(部编版)
2548,鹭,lu,五上,5,上,白鹭、苍鹭、池鹭,在,本地识字表文件(部编版)
2549,嫌,xian,五上,5,上,嫌疑、嫌恶、讨嫌,在,本地识字表文件(部编版)
2550,嵌,qian,五上,5,上,镶嵌、嵌入、嵌进、嵌套,在,本地识字表文件(部编版)
2551,匣,xia,五上,5,上,匣子、话匣子、墨匣,在,本地识字表文件(部编版)
2552,嗜,shi,五上,5,上,嗜好、嗜睡、嗜酒,在,本地识字表文件(部编版)
2553,亩,mu,五上,5,上,田亩、公亩、亩产,在,本地识字表文件(部编版)
2554,吩,fen,五上,5,上,吩咐、吩示、吩附、吩嗪,在,本地识字表文件(部编版)
2555,榨,zha,五上,5,上,榨汁、榨菜、榨油,在,本地识字表文件(部编版)
2556,榴,liu,五上,5,上,石榴、榴莲、石榴子、石榴花,在,本地识字表文件(部编版)
2557,矮,ai,五上,5,上,矮小、矮树、高矮,在,本地识字表文件(部编版)
2558,箩,luo,五上,5,上,箩筐、一箩筐、淘箩、折箩,缺,本地识字表文件(部编版)
2559,杭,hang,五上,5,上,杭州、苏杭、杭州市、杭州湾,在,本地识字表文件(部编版)
2560,蔓,man,五上,5,上,藤蔓、蔓草、蔓越莓,在,本地识字表文件(部编版)
2561,幽,you,五上,5,上,幽静、幽香、清幽,在,本地识字表文件(部编版)
2562,悉,xi,五上,5,上,悉心、知悉、得悉,在,本地识字表文件(部编版)
2563,雏,chu,五上,5,上,雏鸡、雏菊、雏燕,在,本地识字表文件(部编版)
2564,哟,yo,五上,5,上,哎哟、啊哟、嗨哟、哎哟喂,在,本地识字表文件(部编版)
2565,柜,gui,五上,5,上,柜子、书柜、柜台,在,本地识字表文件(部编版)
2566,享,xiang,五上,5,上,分享、享受、享用,在,本地识字表文件(部编版)
2567,陪,pei,五上,5,上,陪同、陪护、失陪,在,本地识字表文件(部编版)
2568,趴,pa,五上,5,上,趴下、趴着、趴窝、累趴,在,本地识字表文件(部编版)
2569,睑,jian,五上,5,上,眼睑、上眼睑、下眼睑、上睑,在,本地识字表文件(部编版)
2570,眸,mou,五上,5,上,眸子、眼眸、回眸,在,本地识字表文件(部编版)
2571,咂,za,五上,5,上,咂嘴、咂舌、点头咂嘴,缺,本地识字表文件(部编版)
2572,汛,xun,五上,5,上,防汛、汛期、春汛、秋汛,在,本地识字表文件(部编版)
2573,挽,wan,五上,5,上,挽回、挽留、挽联,在,本地识字表文件(部编版)
2574,惰,duo,五上,5,上,懒惰、惰性、怠惰,在,本地识字表文件(部编版)
2575,衡,heng,五上,5,上,平衡、衡水、衡山,在,本地识字表文件(部编版)
2576,协,xie,五上,5,上,协作、协力、协会,在,本地识字表文件(部编版)
2577,绰,chuo,五上,5,上,绰号、绰绰有余、宽绰,在,本地识字表文件(部编版)
2578,璧,bi,五上,5,上,完璧、合璧、璧还,在,本地识字表文件(部编版)
2579,臣,chen,五上,5,上,大臣、臣子、名臣,在,本地识字表文件(部编版)
2580,诺,nuo,五上,5,上,诺言、应诺、许诺,在,本地识字表文件(部编版)
2581,典,dian,五上,5,上,字典、经典、词典,在,本地识字表文件(部编版)
2582,罪,zui,五上,5,上,无罪、罪行、定罪,在,本地识字表文件(部编版)
2583,抵,di,五上,5,上,抵达、抵制、相抵,在,本地识字表文件(部编版)
2584,御,yu,五上,5,上,防御、御寒、御用,在,本地识字表文件(部编版)
2585,辞,ci,五上,5,上,告辞、辞别、言辞,在,本地识字表文件(部编版)
2586,辱,ru,五上,5,上,荣辱、辱骂、受辱,在,本地识字表文件(部编版)
2587,擅,shan,五上,5,上,擅长、擅自、擅闯,在,本地识字表文件(部编版)
2588,缶,fou,五上,5,上,击缶、瓦缶、击缶而歌,缺,本地识字表文件(部编版)
2589,卿,qing,五上,5,上,关汉卿、颜真卿、公卿,在,本地识字表文件(部编版)
2590,袍,pao,五上,5,上,旗袍、长袍、袍子,在,本地识字表文件(部编版)
2591,鸵,tuo,五上,5,上,鸵鸟、美洲鸵、鸵鸟蛋、小鸵鸟,在,本地识字表文件(部编版)
2592,赢,ying,五上,5,上,赢得、赢球、赢家,在,本地识字表文件(部编版)
2593,侵,qin,五上,5,上,侵入、入侵、侵略,在,本地识字表文件(部编版)
2594,略,lve,五上,5,上,省略、略过、简略,在,本地识字表文件(部编版)
2595,垒,lei,五上,5,上,垒球、对垒、壁垒,在,本地识字表文件(部编版)
2596,丘,qiu,五上,5,上,山丘、小丘、沙丘,在,本地识字表文件(部编版)
2597,搁,ge,五上,5,上,搁板、搁置、耽搁、搁浅,在,本地识字表文件(部编版)
2598,陷,xian,五上,5,上,陷入、陷害、深陷,在,本地识字表文件(部编版)
2599,拐,guai,五上,5,上,拐弯、拐角、拐点,在,本地识字表文件(部编版)
2600,岔,cha,五上,5,上,岔口、岔道、打岔、分岔,在,本地识字表文件(部编版)
2601,酬,chou,五上,5,上,报酬、酬金、酬谢,在,本地识字表文件(部编版)
2602,誓,shi,五上,5,上,发誓、誓言、起誓,在,本地识字表文件(部编版)
2603,谎,huang,五上,5,上,说谎、谎言、谎话,在,本地识字表文件(部编版)
2604,牺,xi,五上,5,上,牺牲、牺牲品、英勇牺牲,在,本地识字表文件(部编版)
2605,嫂,sao,五上,5,上,嫂子、大嫂、兄嫂,在,本地识字表文件(部编版)
2606,恳,ken,五上,5,上,诚恳、恳求、勤恳,在,本地识字表文件(部编版)
2607,筛,shai,五上,5,上,筛子、筛选、筛查,在,本地识字表文件(部编版)
2608,歹,dai,五上,5,上,好歹、歹徒、不知好歹,在,本地识字表文件(部编版)
2609,罕,han,五上,5,上,罕见、稀罕、纳罕,在,本地识字表文件(部编版)
2610,梭,suo,五上,5,上,穿梭、梭子、梭鱼,在,本地识字表文件(部编版)
2611,监,jian,五上,5,上,监视、监管、监督,在,本地识字表文件(部编版)
2612,狱,yu,五上,5,上,监狱、狱警、入狱,在,本地识字表文件(部编版)
2613,酿,niang,五上,5,上,酿酒、酿造、酝酿、酿成,在,本地识字表文件(部编版)
2614,瞌,ke,五上,5,上,瞌睡、打瞌睡、瞌睡虫、打个瞌睡,在,本地识字表文件(部编版)
2615,婚,hun,五上,5,上,新婚、婚礼、婚车,在,本地识字表文件(部编版)
2616,俭,jian,五上,5,上,节俭、俭省、俭朴,在,本地识字表文件(部编版)
2617,皇,huang,五上,5,上,皇宫、皇上、皇家,在,本地识字表文件(部编版)
2618,衰,shuai,五上,5,上,衰老、衰落、衰退,在,本地识字表文件(部编版)
2619,珊,shan,五上,5,上,珊瑚、红珊瑚、阑珊,在,本地识字表文件(部编版)
2620,瑚,hu,五上,5,上,珊瑚、红珊瑚、珊瑚礁,在,本地识字表文件(部编版)
2621,礁,jiao,五上,5,上,礁石、暗礁、触礁、大堡礁,在,本地识字表文件(部编版)
2622,筐,kuang,五上,5,上,篮筐、箩筐、竹筐,在,本地识字表文件(部编版)
2623,拗,ao,五上,5,上,拗口、执拗、拗口令,在,本地识字表文件(部编版)
2624,乃,nai,五上,5,上,乃是、乃至、乃们,在,本地识字表文件(部编版)
2625,熏,xun,五上,5,上,熏陶、熏香、熏肉,在,本地识字表文件(部编版)
2626,亥,hai,五上,5,上,亥时、辛亥、辛亥革命,在,本地识字表文件(部编版)
2627,恃,shi,五上,5,上,自恃、仗恃、恃强凌弱,在,本地识字表文件(部编版)
2628,擞,sou,五上,5,上,抖擞、抖擞精神、精神抖擞,在,本地识字表文件(部编版)
2629,泻,xie,五上,5,上,倾泻、流泻、腹泻,在,本地识字表文件(部编版)
2630,鳞,lin,五上,5,上,鱼鳞、鳞片、鳞甲,在,本地识字表文件(部编版)
2631,惶,huang,五上,5,上,惊惶、惶恐、惶惶,在,本地识字表文件(部编版)
2632,胎,tai,五上,5,上,胎儿、车胎、二胎,在,本地识字表文件(部编版)
2633,履,lv,五上,5,上,履行、履历、步履,在,本地识字表文件(部编版)
2634,哉,zai,五上,5,上,善哉、悠哉、悠哉游哉,在,本地识字表文件(部编版)
2635,估,gu,五上,5,上,估计、估量、估价,在,本地识字表文件(部编版)
2636,煌,huang,五上,5,上,辉煌、敦煌、金碧辉煌,在,本地识字表文件(部编版)
2637,珑,long,五上,5,上,玲珑、小巧玲珑、玲珑剔透,在,本地识字表文件(部编版)
2638,剔,ti,五上,5,上,剔除、挑剔、剔透,在,本地识字表文件(部编版)
2639,澜,lan,五上,5,上,波澜、波澜起伏、力挽狂澜,在,本地识字表文件(部编版)
2640,瑶,yao,五上,5,上,瑶族、瑶池、瑶柱,缺,本地识字表文件(部编版)
2641,陵,ling,五上,5,上,丘陵、金陵、江陵,在,本地识字表文件(部编版)
2642,宏,hong,五上,5,上,宏大、宏伟、宏图,在,本地识字表文件(部编版)
2643,奉,feng,五上,5,上,奉献、信奉、奉行,在,本地识字表文件(部编版)
2644,烬,jin,五上,5,上,灰烬、余烬、化为灰烬,在,本地识字表文件(部编版)
2645,瞒,man,五上,5,上,隐瞒、瞒骗、实不相瞒,在,本地识字表文件(部编版)
2646,域,yu,五上,5,上,区域、领域、水域,在,本地识字表文件(部编版)
2647,艇,ting,五上,5,上,快艇、潜艇、游艇、皮艇,在,本地识字表文件(部编版)
2648,矛,mao,五上,5,上,矛盾、矛头、长矛,在,本地识字表文件(部编版)
2649,盾,dun,五上,5,上,盾牌、后盾、矛盾,在,本地识字表文件(部编版)
2650,筷,kuai,五上,5,上,筷子、碗筷、公筷、竹筷,缺,本地识字表文件(部编版)
2651,炊,chui,五上,5,上,炊烟、野炊、炊具,在,本地识字表文件(部编版)
2652,喉,hou,五上,5,上,喉咙、喉结、喉头,在,本地识字表文件(部编版)
2653,咙,long,五上,5,上,喉咙、咙喉、喉咙痛,在,本地识字表文件(部编版)
2654,哽,geng,五上,5,上,哽咽、哽噎、哽住,缺,本地识字表文件(部编版)
2655,勺,shao,五上,5,上,勺子、汤勺、漏勺,在,本地识字表文件(部编版)
2656,搅,jiao,五上,5,上,搅动、打搅、搅和,在,本地识字表文件(部编版)
2657,舀,yao,五上,5,上,舀水、舀汤、舀子、舀勺,在,本地识字表文件(部编版)
2658,摄,she,五上,5,上,摄影、拍摄、摄入,在,本地识字表文件(部编版)
2659,殖,zhi,五上,5,上,繁殖、养殖、增殖,在,本地识字表文件(部编版)
2660,炭,tan,五上,5,上,木炭、煤炭、火炭,在,本地识字表文件(部编版)
2661,疗,liao,五上,5,上,治疗、疗法、疗程,在,本地识字表文件(部编版)
2662,驯,xun,五上,5,上,驯服、温驯、驯养,在,本地识字表文件(部编版)
2663,矫,jiao,五上,5,上,矫正、矫健、矫形,在,本地识字表文件(部编版)
2664,歇,xie,五上,5,上,歇息、歇脚、间歇,在,本地识字表文件(部编版)
2665,杈,cha,五上,5,上,树杈、丫杈、打杈、桠杈,在,本地识字表文件(部编版)
2666,藓,xian,五上,5,上,苔藓、藓苔、泥炭藓、苔藓植物,在,本地识字表文件(部编版)
2667,狭,xia,五上,5,上,狭窄、狭小、狭长,在,本地识字表文件(部编版)
2668,勉,mian,五上,5,上,勉励、勉强、勤勉,在,本地识字表文件(部编版)
2669,锥,zhui,五上,5,上,锥子、锥形、冰锥,在,本地识字表文件(部编版)
2670,魄,po,五上,5,上,气魄、魄力、体魄,在,本地识字表文件(部编版)
2671,抑,yi,五上,5,上,抑制、抑扬、压抑,在,本地识字表文件(部编版)
2672,颓,tui,五上,5,上,颓然、颓败、颓丧,在,本地识字表文件(部编版)
2673,纫,ren,五上,5,上,缝纫、缝纫机、纫针、纫佩,在,本地识字表文件(部编版)
2674,噪,zao,五上,5,上,噪音、噪声、降噪,在,本地识字表文件(部编版)
2675,褐,he,五上,5,上,褐色、褐马鸡、黄褐色,在,本地识字表文件(部编版)
2676,惫,bei,五上,5,上,疲惫、惫倦、疲惫不堪,在,本地识字表文件(部编版)
2677,耽,dan,五上,5,上,耽误、耽搁、耽心,在,本地识字表文件(部编版)
2678,兜,dou,五上,5,上,兜风、衣兜、围兜,在,本地识字表文件(部编版)
2679,权,quan,五上,5,上,权力、人权、权利,在,本地识字表文件(部编版)
2680,茧,jian,五上,5,上,蚕茧、老茧、茧子,在,本地识字表文件(部编版)
2681,栈,zhan,五上,5,上,栈道、客栈、栈桥,在,本地识字表文件(部编版)
2682,冤,yuan,五上,5,上,冤枉、冤家、冤情,在,本地识字表文件(部编版)
2683,枉,wang,五上,5,上,冤枉、枉费、枉然,在,本地识字表文件(部编版)
2684,恍,huang,五上,5,上,恍然、恍惚、恍如,在,本地识字表文件(部编版)
2685,惚,hu,五上,5,上,恍惚、心神恍惚、精神恍惚,在,本地识字表文件(部编版)
2686,跷,qiao,五上,5,上,高跷、跷跷板、蹊跷,在,本地识字表文件(部编版)
2687,僻,pi,五上,5,上,偏僻、生僻、僻静,在,本地识字表文件(部编版)
2688,委,wei,五上,5,上,委屈、委员、委托,缺,本地识字表文件(部编版)
2689,迪,di,五上,5,上,启迪、奥迪、泰迪、迪斯科,在,本地识字表文件(部编版)
2690,嫁,jia,五上,5,上,出嫁、嫁接、嫁妆,在,本地识字表文件(部编版)
2691,缴,jiao,五上,5,上,缴纳、缴费、上缴,在,本地识字表文件(部编版)
2692,榜,bang,五上,5,上,榜样、上榜、榜单,在,本地识字表文件(部编版)
2693,兼,jian,五上,5,上,兼职、兼备、兼任,在,本地识字表文件(部编版)
2694,嘲,chao,五上,5,上,嘲笑、自嘲、嘲弄,在,本地识字表文件(部编版)
2695,枕,zhen,五上,5,上,枕头、落枕、枕木,在,本地识字表文件(部编版)
2696,腼,mian,五上,5,上,腼腆、腼颜、腼然,缺,本地识字表文件(部编版)
2697,腆,tian,五上,5,上,腼腆、腆着、腆厚,缺,本地识字表文件(部编版)
2698,誊,teng,五上,5,上,誊写、誊录、誊抄、誊清,在,本地识字表文件(部编版)
2699,励,li,五上,5,上,鼓励、奖励、励志,在,本地识字表文件(部编版)
2700,版,ban,五上,5,上,出版、版本、版面,在,本地识字表文件(部编版)
2701,祥,xiang,五上,5,上,吉祥、祥和、祥云,在,本地识字表文件(部编版)
2702,歧,qi,五上,5,上,分歧、歧途、歧路,在,本地识字表文件(部编版)
2703,谨,jin,五上,5,上,谨慎、严谨、谨防,在,本地识字表文件(部编版)
2704,榆,yu,五上,5,上,榆树、榆木、榆钱,在,本地识字表文件(部编版)
2705,畔,pan,五上,5,上,河畔、湖畔、江畔,在,本地识字表文件(部编版)
2706,聒,gua,五上,5,上,聒噪、聒耳、絮聒,在,本地识字表文件(部编版)
2707,桨,jiang,五上,5,上,船桨、划桨、桨手,在,本地识字表文件(部编版)
2708,桩,zhuang,五上,5,上,木桩、树桩、路桩、打桩,在,本地识字表文件(部编版)
2709,暇,xia,五上,5,上,闲暇、无暇、空暇,在,本地识字表文件(部编版)
2710,嫦,chang,五上,5,上,嫦娥、嫦娥奔月、嫦娥五号,缺,本地识字表文件(部编版)
2711,娥,e,五上,5,上,嫦娥、娥眉、窦娥冤,缺,本地识字表文件(部编版)
2712,嫉,ji,五上,5,上,嫉妒、嫉恨、嫉恶如仇,缺,本地识字表文件(部编版)
2713,妒,du,五上,5,上,妒忌、嫉妒、忌妒,缺,本地识字表文件(部编版)
2714,瓷,ci,五上,5,上,瓷器、陶瓷、瓷砖、瓷碗,缺,本地识字表文件(部编版)
2715,耻,chi,五上,5,上,可耻、知耻、羞耻,缺,本地识字表文件(部编版)
2716,寝,qin,五上,5,上,寝室、就寝、废寝忘食,缺,本地识字表文件(部编版)
2717,矣,yi,五上,5,上,足矣、已矣、往事已矣,缺,本地识字表文件(部编版)
2718,岂,qi,五上,5,上,岂止、岂敢、岂有此理,缺,本地识字表文件(部编版)
2719,舅,jiu,五上,5,上,舅舅、舅妈、舅父、舅公,缺,本地识字表文件(部编版)
2720,宴,yan,五上,5,上,宴会、家宴、喜宴,在,本地识字表文件(部编版)
2721,斩,zhan,五上,5,上,斩获、斩断、白斩鸡,缺,本地识字表文件(部编版)
2722,凯,kai,五上,5,上,凯旋、凯歌、凯旋门、凯旋归来,缺,本地识字表文件(部编版)
2723,葛,ge,五上,5,上,诸葛亮、瓜葛、葛根,缺,本地识字表文件(部编版)
2724,述,shu,五上,5,上,讲述、口述、述说,在,本地识字表文件(部编版)
2725,鲁,lu,五上,5,上,粗鲁、鲁班、鲁菜,缺,本地识字表文件(部编版)
2726,煞,sha,五上,5,上,煞车、煞尾、煞住,缺,本地识字表文件(部编版)
2727,寇,kou,五上,5,上,倭寇、日寇、穷寇,缺,本地识字表文件(部编版)
2728,贾,jia,五上,5,上,商贾、贾谊、贾客,缺,本地识字表文件(部编版)
2729,刊,kan,五上,5,上,刊物、周刊、报刊,缺,本地识字表文件(部编版)
2730,琐,suo,五上,5,上,琐事、琐碎、繁琐,缺,本地识字表文件(部编版)
2731,呻,shen,五上,5,上,呻吟、无病呻吟、呻唤,缺,本地识字表文件(部编版)
2732,某,mou,五上,5,上,某人、某地、某事、某些,缺,本地识字表文件(部编版)
2733,喻,yu,五上,5,上,比喻、明喻、暗喻,缺,本地识字表文件(部编版)
2734,瘾,yin,五上,5,上,过瘾、上瘾、成瘾、网瘾,缺,本地识字表文件(部编版)
2735,籍,ji,五上,5,上,书籍、国籍、学籍,缺,本地识字表文件(部编版)
2736,饥,ji,五上,5,上,饥饿、饥渴、充饥,缺,本地识字表文件(部编版)
2737,偿,chang,五上,5,上,补偿、偿还、无偿,缺,本地识字表文件(部编版)
2738,甸,dian,五上,5,上,沉甸甸、草甸、甸子,缺,本地识字表文件(部编版)
2739,悟,wu,五上,5,上,领悟、感悟、悟性,在,本地识字表文件(部编版)
2740,馈,kui,五上,5,上,反馈、馈赠、回馈,缺,本地识字表文件(部编版)
2741,磁,ci,五上,5,上,磁铁、磁力、磁石、磁性,缺,本地识字表文件(部编版)
2742,酵,jiao,五上,5,上,发酵、酵母、酵素、酵母菌,缺,本地识字表文件(部编版)
2743,皎,jiao,五上,5,上,皎洁、皎月、皎皎,缺,本地识字表文件(部编版)
2744,鉴,jian,五上,5,上,鉴定、借鉴、图鉴,缺,本地识字表文件(部编版)
2745,沥,li,五上,5,上,沥干、淅沥、呕心沥血,缺,本地识字表文件(部编版)
2746,昼,zhou,五下,5,下,白昼、昼夜、极昼,缺,本地识字表文件(部编版)
2747,耘,yun,五下,5,下,耕耘、辛勤耕耘、耘田,缺,本地识字表文件(部编版)
2748,稚,zhi,五下,5,下,幼稚、稚气、稚嫩,缺,本地识字表文件(部编版)
2749,漪,yi,五下,5,下,涟漪、涟漪微漾、清漪、漪涟,缺,本地识字表文件(部编版)
2750,蚱,zha,五下,5,下,蚱蜢、蚂蚱、蚱虫、蚱蝉,缺,本地识字表文件(部编版)
2751,啃,ken,五下,5,下,啃书、嘴啃泥、啃骨头、啃老,缺,本地识字表文件(部编版)
2752,樱,ying,五下,5,下,樱花、樱桃、大樱桃、樱花草,缺,本地识字表文件(部编版)
2753,蚌,bang,五下,5,下,河蚌、蚌壳、蛤蚌,缺,本地识字表文件(部编版)
2754,割,ge,五下,5,下,割草、收割、分割,缺,本地识字表文件(部编版)
2755,嘟,du,五下,5,下,嘟嘴、嘟囔、胖嘟嘟,缺,本地识字表文件(部编版)
2756,倭,wo,五下,5,下,倭寇、倭瓜、倭人、倭黑猩猩,缺,本地识字表文件(部编版)
2757,拴,shuan,五下,5,下,拴住、拴马、拴绳、拴狗,缺,本地识字表文件(部编版)
2758,啰,luo,五下,5,下,啰嗦、哈啰、啰唆,缺,本地识字表文件(部编版)
2759,逛,guang,五下,5,下,逛街、闲逛、逛逛,缺,本地识字表文件(部编版)
2760,徘,pai,五下,5,下,徘徊、徘徊不定、徘徊观望,在,本地识字表文件(部编版)
2761,徊,huai,五下,5,下,徘徊、低徊、徊翔,在,本地识字表文件(部编版)
2762,渺,miao,五下,5,下,渺小、渺茫、浩渺,缺,本地识字表文件(部编版)
2763,篝,gou,五下,5,下,篝火、篝火晚会、篝火狐鸣,缺,本地识字表文件(部编版)
2764,萌,meng,五下,5,下,萌芽、萌发、呆萌,缺,本地识字表文件(部编版)
2765,澄,cheng,五下,5,下,澄清、清澄、澄净,缺,本地识字表文件(部编版)
2766,澈,che,五下,5,下,清澈、明澈、清澈见底,缺,本地识字表文件(部编版)
2767,旖,yi,五下,5,下,旖旎、风光旖旎、旖旎风光,缺,本地识字表文件(部编版)
2768,旎,ni,五下,5,下,旖旎、风光旖旎、旖旎风光,缺,本地识字表文件(部编版)
2769,瑞,rui,五下,5,下,瑞雪、瑞气、祥瑞,缺,本地识字表文件(部编版)
2770,莱,lai,五下,5,下,蓬莱、文莱、莱阳,缺,本地识字表文件(部编版)
2771,垠,yin,五下,5,下,无垠、一望无垠、姚雪垠,缺,本地识字表文件(部编版)
2772,顷,qing,五下,5,下,公顷、万顷、少顷,缺,本地识字表文件(部编版)
2773,峨,e,五下,5,下,巍峨、峨眉山、峨眉,缺,本地识字表文件(部编版)
2774,缀,zhui,五下,5,下,点缀、前缀、连缀,缺,本地识字表文件(部编版)
2775,腮,sai,五下,5,下,腮帮子、腮红、托腮,缺,本地识字表文件(部编版)
2776,虬,qiu,五下,5,下,虬枝、虬龙、虬髯,缺,本地识字表文件(部编版)
2777,玷,dian,五下,5,下,玷污、玷辱、瑕玷,缺,本地识字表文件(部编版)
2778,郑,zheng,五下,5,下,郑重、郑州、郑和,在,本地识字表文件(部编版)
2779,秉,bing,五下,5,下,秉性、秉持、秉公,缺,本地识字表文件(部编版)
2780,飕,sou,五下,5,下,飕飕、冷飕飕、凉飕飕、冷风飕飕,缺,本地识字表文件(部编版)
2781,码,ma,五下,5,下,码头、号码、密码、数码,在,本地识字表文件(部编版)
2782,撩,liao,五下,5,下,撩起、撩开、撩人,缺,本地识字表文件(部编版)
2783,绢,juan,五下,5,下,手绢、绢花、绢丝,缺,本地识字表文件(部编版)
2784,侨,qiao,五下,5,下,华侨、侨胞、侨乡、归侨,缺,本地识字表文件(部编版)
2785,眷,juan,五下,5,下,家眷、亲眷、眷属,缺,本地识字表文件(部编版)
2786,瑜,yu,五下,5,下,瑜伽、周瑜、瑜伽垫,缺,本地识字表文件(部编版)
2787,忌,ji,五下,5,下,忌口、顾忌、禁忌,缺,本地识字表文件(部编版)
2788,督,du,五下,5,下,督促、监督、督导,缺,本地识字表文件(部编版)
2789,幔,man,五下,5,下,幔子、窗幔、帐幔、帷幔,缺,本地识字表文件(部编版)
2790,翎,ling,五下,5,下,翎毛、翎子、雁翎、花翎,缺,本地识字表文件(部编版)
2791,寨,zhai,五下,5,下,村寨、边寨、营寨,缺,本地识字表文件(部编版)
2792,擂,lei,五下,5,下,擂台、打擂台、擂台赛,缺,本地识字表文件(部编版)
2793,呐,na,五下,5,下,呐喊、唢呐、声呐,缺,本地识字表文件(部编版)
2794,弩,nu,五下,5,下,弓弩、弩弓、弩箭,缺,本地识字表文件(部编版)
2795,丞,cheng,五下,5,下,丞相、丞相府、大丞相、丞尉,缺,本地识字表文件(部编版)
2796,倚,yi,五下,5,下,倚靠、倚重、斜倚,缺,本地识字表文件(部编版)
2797,箸,zhu,五下,5,下,下箸、举箸、动箸,缺,本地识字表文件(部编版)
2798,碟,die,五下,5,下,碟子、碟片、飞碟,缺,本地识字表文件(部编版)
2799,斤,jin,五下,5,下,公斤、市斤、斤两,在,本地识字表文件(部编版)
2800,俺,an,五下,5,下,俺们、俺家、俺爹、俺娘,缺,本地识字表文件(部编版)
2801,擒,qin,五下,5,下,生擒、擒获、就擒,缺,本地识字表文件(部编版)
2802,勿,wu,五下,5,下,请勿、切勿、勿忘我,缺,本地识字表文件(部编版)
2803,肋,le,五下,5,下,肋骨、鸡肋、软肋,缺,本地识字表文件(部编版)
2804,踉,liang,五下,5,下,踉跄、跳踉、跄踉,缺,本地识字表文件(部编版)
2805,跄,qiang,五下,5,下,踉跄、跄踉、跌跌跄跄,缺,本地识字表文件(部编版)
2806,胯,kua,五下,5,下,胯骨、腰胯、胯下,缺,本地识字表文件(部编版)
2807,霹,pi,五下,5,下,霹雳、霹雷、霹雳舞,缺,本地识字表文件(部编版)
2808,雳,li,五下,5,下,霹雳、霹雳舞、霹雳啪啦,缺,本地识字表文件(部编版)
2809,咆,pao,五下,5,下,咆哮、咆哮如雷、咆啸,缺,本地识字表文件(部编版)
2810,哮,xiao,五下,5,下,咆哮、哮喘、哮鸣,缺,本地识字表文件(部编版)
2811,锤,chui,五下,5,下,锤子、铁锤、大锤,缺,本地识字表文件(部编版)
2812,芝,zhi,五下,5,下,芝麻、灵芝、芝兰,缺,本地识字表文件(部编版)
2813,遂,sui,五下,5,下,遂心、遂意、顺遂,缺,本地识字表文件(部编版)
2814,迸,beng,五下,5,下,迸发、迸流、迸裂,缺,本地识字表文件(部编版)
2815,涧,jian,五下,5,下,山涧、涧水、溪涧,缺,本地识字表文件(部编版)
2816,獐,zhang,五下,5,下,獐子、香獐子、獐头鼠目,缺,本地识字表文件(部编版)
2817,猕,mi,五下,5,下,猕猴、猕猴桃、猕猴桃汁,缺,本地识字表文件(部编版)
2818,猿,yuan,五下,5,下,猿猴、猿人、长臂猿,缺,本地识字表文件(部编版)
2819,耶,ye,五下,5,下,比耶、耶鲁、耶律,缺,本地识字表文件(部编版)
2820,挈,qie,五下,5,下,提挈、挈带、提纲挈领,缺,本地识字表文件(部编版)
2821,瞑,ming,五下,5,下,瞑目、瞑想、死不瞑目,缺,本地识字表文件(部编版)
2822,窍,qiao,五下,5,下,窍门、诀窍、开窍,缺,本地识字表文件(部编版)
2823,碣,jie,五下,5,下,碑碣、碣石、断碣、残碣,缺,本地识字表文件(部编版)
2824,楷,kai,五下,5,下,楷书、楷体、楷模,缺,本地识字表文件(部编版)
2825,镌,juan,五下,5,下,镌刻、雕镌、镌镂,缺,本地识字表文件(部编版)
2826,挠,nao,五下,5,下,挠头、抓挠、阻挠,缺,本地识字表文件(部编版)
2827,劣,lie,五下,5,下,劣质、恶劣、优劣,缺,本地识字表文件(部编版)
2828,屉,ti,五下,5,下,抽屉、屉子、笼屉、三屉桌,缺,本地识字表文件(部编版)
2829,嫣,yan,五下,5,下,嫣红、嫣然、嫣然一笑,缺,本地识字表文件(部编版)
2830,讳,hui,五下,5,下,忌讳、避讳、名讳,缺,本地识字表文件(部编版)
2831,黛,dai,五下,5,下,粉黛、青黛、眉黛,在,本地识字表文件(部编版)
2832,晦,hui,五下,5,下,晦暗、阴晦、晦涩,缺,本地识字表文件(部编版)
2833,墩,dun,五下,5,下,桥墩、门墩、墩布、胖墩儿,缺,本地识字表文件(部编版)
2834,钗,chai,五下,5,下,发钗、金钗、薛宝钗,缺,本地识字表文件(部编版)
2835,雯,wen,五下,5,下,蒋雯丽、晴雯、雯华、雯雯,缺,本地识字表文件(部编版)
2836,袭,xi,五下,5,下,袭击、来袭、一袭,缺,本地识字表文件(部编版)
2837,垫,dian,五下,5,下,垫子、垫高、门垫、草垫,在,本地识字表文件(部编版)
2838,豁,huo,五下,5,下,豁达、豁然、豁免,在,本地识字表文件(部编版)
2839,仞,ren,五下,5,下,壁立千仞、万仞、千仞,缺,本地识字表文件(部编版)
2840,岳,yue,五下,5,下,山岳、五岳、岳父,在,本地识字表文件(部编版)
2841,蓟,ji,五下,5,下,蓟马、蓟城、洋蓟、大蓟,缺,本地识字表文件(部编版)
2842,涕,ti,五下,5,下,鼻涕、涕泣、流鼻涕,缺,本地识字表文件(部编版)
2843,襄,xiang,五下,5,下,襄助、襄阳、襄理,缺,本地识字表文件(部编版)
2844,彭,peng,五下,5,下,彭祖、彭州、彭湖,缺,本地识字表文件(部编版)
2845,拟,ni,五下,5,下,拟人、拟定、拟声,缺,本地识字表文件(部编版)
2846,谋,mou,五下,5,下,谋生、谋面、谋事,缺,本地识字表文件(部编版)
2847,赴,fu,五下,5,下,奔赴、赴约、赴会,缺,本地识字表文件(部编版)
2848,殊,shu,五下,5,下,特殊、殊荣、悬殊,缺,本地识字表文件(部编版)
2849,踌,chou,五下,5,下,踌躇、踌躇满志、踌躇不前,缺,本地识字表文件(部编版)
2850,躇,chu,五下,5,下,踌躇、踟躇、踌躇满志,缺,本地识字表文件(部编版)
2851,黯,an,五下,5,下,黯然、黯淡、黯然失色,缺,本地识字表文件(部编版)
2852,革,ge,五下,5,下,改革、革命、皮革,缺,本地识字表文件(部编版)
2853,沃,wo,五下,5,下,肥沃、沃土、沃野,缺,本地识字表文件(部编版)
2854,匪,fei,五下,5,下,土匪、匪徒、匪首,缺,本地识字表文件(部编版)
2855,绷,beng,五下,5,下,绷带、绷紧、绷着脸,缺,本地识字表文件(部编版)
2856,衷,zhong,五下,5,下,衷心、由衷、初衷,缺,本地识字表文件(部编版)
2857,堪,kan,五下,5,下,堪称、难堪、不堪,缺,本地识字表文件(部编版)
2858,筹,chou,五下,5,下,筹集、筹钱、运筹,缺,本地识字表文件(部编版)
2859,矜,jin,五下,5,下,矜持、自矜、骄矜,缺,本地识字表文件(部编版)
2860,俘,fu,五下,5,下,俘虏、俘获、战俘、被俘,缺,本地识字表文件(部编版)
2861,镯,zhuo,五下,5,下,镯子、手镯、银手镯、玉镯,缺,本地识字表文件(部编版)
2862,裆,dang,五下,5,下,裤裆、开裆裤、裆部、穿裆,缺,本地识字表文件(部编版)
2863,企,qi,五下,5,下,企鹅、企业、企图,缺,本地识字表文件(部编版)
2864,彼,bi,五下,5,下,彼此、彼岸、彼时,缺,本地识字表文件(部编版)
2865,褂,gua,五下,5,下,褂子、马褂、白大褂、小褂,缺,本地识字表文件(部编版)
2866,坞,wu,五下,5,下,船坞、山坞、花坞、好莱坞,缺,本地识字表文件(部编版)
2867,嘎,ga,五下,5,下,嘎嘎、嘎吱、吱嘎、嘎然,缺,本地识字表文件(部编版)
2868,绊,ban,五下,5,下,绊倒、绊脚、绊脚石,缺,本地识字表文件(部编版)
2869,揪,jiu,五下,5,下,揪心、揪住、揪辫子,缺,本地识字表文件(部编版)
2870,扳,ban,五下,5,下,扳手、扳动、扳回,缺,本地识字表文件(部编版)
2871,腕,wan,五下,5,下,手腕、脚腕、腕龙,缺,本地识字表文件(部编版)
2872,铸,zhu,五下,5,下,铸造、铸成、铸就,缺,本地识字表文件(部编版)
2873,颧,quan,五下,5,下,颧骨、颧弓、颧颊、颧辅,缺,本地识字表文件(部编版)
2874,疤,ba,五下,5,下,伤疤、疤痕、结疤,缺,本地识字表文件(部编版)
2875,侄,zhi,五下,5,下,侄子、侄女、侄儿,缺,本地识字表文件(部编版)
2876,痰,tan,五下,5,下,吐痰、化痰、痰盂,缺,本地识字表文件(部编版)
2877,揩,kai,五下,5,下,揩油、揩拭、揩擦、揩抹,缺,本地识字表文件(部编版)
2878,傅,fu,五下,5,下,师傅、面包师傅、傅说,缺,本地识字表文件(部编版)
2879,袱,fu,五下,5,下,包袱、背包袱、放下包袱、包袱皮儿,缺,本地识字表文件(部编版)
2880,蘸,zhan,五下,5,下,蘸酱、蘸火、蘸水、蘸墨,缺,本地识字表文件(部编版)
2881,圣,sheng,五下,5,下,圣人、圣地、大圣,在,本地识字表文件(部编版)
2882,馅,xian,五下,5,下,肉馅、素馅、馅饼、馅料,缺,本地识字表文件(部编版)
2883,诈,zha,五下,5,下,诈骗、欺诈、诈降,缺,本地识字表文件(部编版)
2884,怔,zheng,五下,5,下,发怔、怔住、怔怔,缺,本地识字表文件(部编版)
2885,吾,wu,五下,5,下,支吾、吾辈、吾人,缺,本地识字表文件(部编版)
2886,弗,fu,五下,5,下,弗如、弗雷、弗兰克,缺,本地识字表文件(部编版)
2887,策,ce,五下,5,下,计策、对策、策马,缺,本地识字表文件(部编版)
2888,荐,jian,五下,5,下,推荐、自荐、举荐,缺,本地识字表文件(部编版)
2889,肆,si,五下,5,下,放肆、肆虐、大肆,缺,本地识字表文件(部编版)
2890,桅,wei,五下,5,下,桅杆、前桅、桅灯、主桅,缺,本地识字表文件(部编版)
2891,撕,si,五下,5,下,撕破、撕碎、撕扯,缺,本地识字表文件(部编版)
2892,唬,hu,五下,5,下,吓唬、唬人、诈唬、唬弄,缺,本地识字表文件(部编版)
2893,龇,zi,五下,5,下,龇牙、龇牙咧嘴、龇牙裂嘴,缺,本地识字表文件(部编版)
2894,咧,lie,五下,5,下,咧嘴、大大咧咧、咧开嘴笑,缺,本地识字表文件(部编版)
2895,瞄,miao,五下,5,下,瞄准、瞄一眼、瞄准具、瞄一瞄,缺,本地识字表文件(部编版)
2896,尼,ni,五下,5,下,尼龙、尼龙绳、尼龙布、尼斯,缺,本地识字表文件(部编版)
2897,艄,shao,五下,5,下,艄公、船艄、掌艄、撑艄,缺,本地识字表文件(部编版)
2898,翘,qiao,五下,5,下,翘首、翘望、连翘,缺,本地识字表文件(部编版)
2899,姆,mu,五下,5,下,保姆、汤姆、山姆、欧姆,缺,本地识字表文件(部编版)
2900,祷,dao,五下,5,下,祈祷、祷告、祷祝,缺,本地识字表文件(部编版)
2901,雇,gu,五下,5,下,雇用、雇主、雇员、雇佣,缺,本地识字表文件(部编版)
2902,毡,zhan,五下,5,下,毛毡、毡房、毡子,缺,本地识字表文件(部编版)
2903,犊,du,五下,5,下,牛犊、犊子、舐犊之爱,缺,本地识字表文件(部编版)
2904,眺,tiao,五下,5,下,眺望、远眺、凭眺,缺,本地识字表文件(部编版)
2905,膘,biao,五下,5,下,肥膘、上膘、掉膘,缺,本地识字表文件(部编版)
2906,爵,jue,五下,5,下,爵士、伯爵、爵位,缺,本地识字表文件(部编版)
2907,噜,lu,五下,5,下,呼噜、咕噜、打呼噜、叽里咕噜,缺,本地识字表文件(部编版)
2908,吆,yao,五下,5,下,吆喝、吆喊、吆呼,缺,本地识字表文件(部编版)
2909,哞,mou,五下,5,下,哞哞、哞哞叫、哞儿、哞的一声,缺,本地识字表文件(部编版)
2910,畜,chu,五下,5,下,家畜、六畜、畜力,缺,本地识字表文件(部编版)
2911,译,yi,五下,5,下,翻译、译文、口译、译名,缺,本地识字表文件(部编版)
2912,愧,kui,五下,5,下,羞愧、愧疚、不愧,缺,本地识字表文件(部编版)
2913,熠,yi,五下,5,下,熠熠、熠烁、熠耀、熠熠生辉,缺,本地识字表文件(部编版)
2914,遐,xia,五下,5,下,遐想、遐思、遐方,缺,本地识字表文件(部编版)
2915,黏,nian,五下,5,下,黏土、黏性、黏合,缺,本地识字表文件(部编版)
2916,刃,ren,五下,5,下,刀刃、利刃、兵刃,缺,本地识字表文件(部编版)
2917,埃,ai,五下,5,下,埃及、尘埃、埃米,缺,本地识字表文件(部编版)
2918,滥,lan,五下,5,下,滥用、滥调、俗滥,缺,本地识字表文件(部编版)
2919,淤,yu,五下,5,下,淤泥、淤青、淤积,缺,本地识字表文件(部编版)
2920,湛,zhan,五下,5,下,湛蓝、精湛、湛江,缺,本地识字表文件(部编版)
2921,诣,yi,五下,5,下,造诣、绝诣、苦心孤诣,缺,本地识字表文件(部编版)
2922,禽,qin,五下,5,下,家禽、飞禽、禽蛋,缺,本地识字表文件(部编版)
2923,拇,mu,五下,5,下,拇指、大拇指、拇趾,在,本地识字表文件(部编版)
2924,弦,xian,五下,5,下,弦月、弦乐、心弦,缺,本地识字表文件(部编版)
2925,揿,qin,五下,5,下,揿铃、揿钮、揿钉、揿电钮,缺,本地识字表文件(部编版)
2926,搔,sao,五下,5,下,搔痒、抓搔、搔头弄姿,缺,本地识字表文件(部编版)
2927,窈,yao,五下,5,下,窈窕、窈窈、窈冥,缺,本地识字表文件(部编版)
2928,窕,tiao,五下,5,下,窈窕、轻窕、窕邃,缺,本地识字表文件(部编版)
2929,秽,hui,五下,5,下,污秽、秽物、秽气,缺,本地识字表文件(部编版)
2930,轧,ya,五下,5,下,轧棉、轧场、倾轧、轧轧,缺,本地识字表文件(部编版)
2931,拧,ning,五下,5,下,拧开、拧干、拧紧、拧巴,缺,本地识字表文件(部编版)
2932,纽,niu,五下,5,下,纽扣、纽带、纽子、纽约,缺,本地识字表文件(部编版)
2933,仓,cang,五下,5,下,仓库、米仓、粮仓,缺,本地识字表文件(部编版)
2934,庸,yong,五下,5,下,平庸、庸俗、庸人,缺,本地识字表文件(部编版)
2935,憎,zeng,五下,5,下,爱憎、憎恨、爱憎分明,缺,本地识字表文件(部编版)
2936,胚,pei,五下,5,下,胚胎、胚芽、胚珠、胚乳,缺,本地识字表文件(部编版)
2937,祸,huo,五下,5,下,车祸、祸根、祸福,缺,本地识字表文件(部编版)
2938,患,huan,五下,5,下,患病、患者、患难,缺,本地识字表文件(部编版)
2939,赋,fu,五下,5,下,天赋、赋诗、赋税,缺,本地识字表文件(部编版)
2940,痴,chi,五下,5,下,痴迷、痴心、痴笑,缺,本地识字表文件(部编版)
2941,绞,jiao,五下,5,下,绞肉、绞车、绞痛,缺,本地识字表文件(部编版)
2942,嘿,hei,五下,5,下,嘿嘿、嘿然、嘿笑,缺,本地识字表文件(部编版)
2943,伊,yi,五下,5,下,伊人、伊面、伊春,缺,本地识字表文件(部编版)
2944,娜,na,五下,5,下,安娜、娜娜、戴安娜,缺,本地识字表文件(部编版)
2945,窘,jiong,五下,5,下,窘迫、困窘、窘境、发窘,缺,本地识字表文件(部编版)
2946,凛,lin,六上,6,上,凛冽、大义凛然、威风凛凛,在,本地识字表文件(部编版)
2947,偎,wei,六下,6,下,依偎、偎依、偎傍,在,本地识字表文件(部编版)
2948,迁,qian,六下,6,下,变迁、迁居、迁入,缺,本地识字表文件(部编版)
